hamming_mode	feature	barcode_tru	barcode_nxt	star_metric_type	star_metric	star_m0	star_m1	cr_raw_count	in_cr_call_list	classification
0	negative_control_5_P1P2_A	CGGGTCAAGGCATCTT	CGGGTCATCGCATCTT	star_exact_count	200	200		0	0	exact_missing
0	LMO2_P1P2_B	ATCCATTTCTGAGCAT	ATCCATTAGTGAGCAT	star_exact_count	189	189		0	0	exact_missing
0	VDR_P1P2_A	AGGATAAAGGAGAGTA	AGGATAATCGAGAGTA	star_exact_count	183	183		0	0	exact_missing
0	TLR4_P1P2_B	CCACTTGGTCGTTGGC	CCACTTGCACGTTGGC	star_exact_count	169	169		0	0	exact_missing
0	negative_control_5_P1P2_A	CAACAACCAACAACAA	CAACAACGTACAACAA	star_exact_count	162	162		0	0	exact_missing
0	NEUROG1_P1P2_A	CCAAGCGAGAAACTCA	CCAAGCGTCAAACTCA	star_exact_count	138	138		0	0	exact_missing
0	RUNX1_P1P2_B	GCATCGGAGATGCTGG	GCATCGGTCATGCTGG	star_exact_count	113	113		0	0	exact_missing
0	DLX5_P1P2_A	GATGGAGCAGACATCT	GATGGAGGTGACATCT	star_exact_count	102	102		0	0	exact_missing
0	ESRRG_P1_A	GTATTTCGTGATACAA	GTATTTCCAGATACAA	star_exact_count	58	58		0	0	exact_missing
0	TBX20_P1P2_A	AAGGAATTCATGTCTT	AAGGAATAGATGTCTT	star_exact_count	52	52		0	0	exact_missing
0	HOXA9_P1P2_A	CTCAGTCCATTGAGGG	CTCAGTCGTTTGAGGG	star_exact_count	44	44		0	0	exact_missing
0	PITX2_P2_B	TGGTGATCAACTGATC	TGGTGATGTACTGATC	star_exact_count	42	42		0	0	exact_missing
0	DNMT3B_P1_A	TTTGGTTAGACTGGGT	TTTGGTTTCACTGGGT	star_exact_count	37	37		0	0	exact_missing
0	ESRRG_P1_A	TCGATTTCATGCAGGA	TCGATTTGTTGCAGGA	star_exact_count	34	34		0	0	exact_missing
0	MYB_P1P2_B	TAACGACTCTCTCCGA	TAACGACAGTCTCCGA	star_exact_count	28	28		0	0	exact_missing
0	DNMT3B_P1_A	GACACGCCACCTAAAC	GACACGCGTCCTAAAC	star_exact_count	27	27		0	0	exact_missing
0	EZH1_P1P2_A	CCACAAAAGGGACCAT	CCACAAATCGGACCAT	star_exact_count	21	21		0	0	exact_missing
0	LMX1A_P1P2_B	AGTTCGAGTGTGGACA	AGTTCGACAGTGGACA	star_exact_count	15	15		0	0	exact_missing
0	negative_control_5_P1P2_A	CTTGAGATCTGTCCGT	CTTGAGAAGTGTCCGT	star_exact_count	15	15		0	0	exact_missing
0	POU3F2_P1P2_A	TTTACCATCCGATAGT	TTTACCAAGCGATAGT	star_exact_count	13	13		0	0	exact_missing
0	TAL1_P2_A	AGACAAAAGTTGGAGC	AGACAAATCTTGGAGC	star_exact_count	10	10		0	0	exact_missing
0	HESX1_P1_A	CTCAACCCACGTACTA	CTCAACCGTCGTACTA	star_exact_count	9	9		0	0	exact_missing
0	RUNX2_P2_A	ACCTGAACAGCCGTTG	ACCTGAAGTGCCGTTG	star_exact_count	9	9		0	0	exact_missing
0	DNMT3A_P1P2_A	TGTTGAGAGTCTTCCC	TGTTGAGTCTCTTCCC	star_exact_count	8	8		0	0	exact_missing
0	SOX1_P1P2_A	ACGTAACGTCTACTGA	ACGTAACCACTACTGA	star_exact_count	7	7		0	0	exact_missing
0	T_P1P2_B	GTTCGCTAGCTGACAG	GTTCGCTTCCTGACAG	star_exact_count	6	6		0	0	exact_missing
0	FOXD3_P1_A	TGCAGATCATGGGATG	TGCAGATGTTGGGATG	star_exact_count	5	5		0	0	exact_missing
0	HESX1_P1_A	ACACGCGGTCACTGAT	ACACGCGCACACTGAT	star_exact_count	5	5		0	0	exact_missing
0	negative_control_5_P1P2_B	CCTTTGGAGTACAACA	CCTTTGGTCTACAACA	star_exact_count	5	5		0	0	exact_missing
0	NR0B1_P1P2_B	CCCGGAAGTACGAAAT	CCCGGAACAACGAAAT	star_exact_count	4	4		0	0	exact_missing
0	TP73_P1P2_B	AGTGATCAGGCGTTGA	AGTGATCTCGCGTTGA	star_exact_count	4	4		0	0	exact_missing
0	PPARA_P1P2_A	ACAAAGAGTAGCACAG	ACAAAGACAAGCACAG	star_exact_count	3	3		0	0	exact_missing
0	YY1_P1P2_A	TATCTGTAGTGATTCC	TATCTGTTCTGATTCC	star_exact_count	3	3		0	0	exact_missing
0	CEBPA_P1P2_A	TCCACCACAACCGCTG	TCCACCAGTACCGCTG	star_exact_count	2	2		0	0	exact_missing
0	RPS6KA5_P1P2_A	CCCTTAGAGCCGTAAG	CCCTTAGTCCCGTAAG	star_exact_count	2	2		0	0	exact_missing
0	RUNX2_P2_A	GCATCTCGTGTATTGC	GCATCTCCAGTATTGC	star_exact_count	2	2		0	0	exact_missing
0	T_P1P2_B	TGTTCATCATATACCG	TGTTCATGTTATACCG	star_exact_count	2	2		0	0	exact_missing
0	AKT1_P1P2_B	CACAGATAGTATTCCG	CACAGATTCTATTCCG	star_exact_count	1	1		0	0	exact_missing
0	ATF2_P1P2_B	CGAGAAGAGAGGTTAT	CGAGAAGTCAGGTTAT	star_exact_count	1	1		0	0	exact_missing
0	ATOH1_P1P2_A	ATCACTTGTCGGTGTC	ATCACTTCACGGTGTC	star_exact_count	1	1		0	0	exact_missing
0	ATOH1_P1P2_B	TGGGAAGAGACCCTTA	TGGGAAGTCACCCTTA	star_exact_count	1	1		0	0	exact_missing
0	BCL6_P1P2_A	GGGAGATCATGAAAGT	GGGAGATGTTGAAAGT	star_exact_count	1	1		0	0	exact_missing
0	BMI1_P1P2_A	GTGTGGCCAGCTGTTA	GTGTGGCGTGCTGTTA	star_exact_count	1	1		0	0	exact_missing
0	BMI1_P1P2_B	CCTCCTCGTAAGATTG	CCTCCTCCAAAGATTG	star_exact_count	1	1		0	0	exact_missing
0	BMI1_P1P2_B	TCCTTCTCAATTTCGG	TCCTTCTGTATTTCGG	star_exact_count	1	1		0	0	exact_missing
0	BMP2_P2_B	AAGCGTTCACTGGACC	AAGCGTTGTCTGGACC	star_exact_count	1	1		0	0	exact_missing
0	BMP4_P1_A	ACGGGTCTCTACTGCC	ACGGGTCAGTACTGCC	star_exact_count	1	1		0	0	exact_missing
0	BMP4_P1_A	ATAGACCCAAAGCTAA	ATAGACCGTAAGCTAA	star_exact_count	1	1		0	0	exact_missing
0	BMP4_P1_A	GATTCTTCAAATACAG	GATTCTTGTAATACAG	star_exact_count	1	1		0	0	exact_missing
0	BMP4_P1_A	TTACCATAGGCCACCT	TTACCATTCGCCACCT	star_exact_count	1	1		0	0	exact_missing
0	BMPR1A_P1P2_A	CGGACACCAATCGCCG	CGGACACGTATCGCCG	star_exact_count	1	1		0	0	exact_missing
0	CAT_P2_A	CCTCTCCTCATGTCTT	CCTCTCCAGATGTCTT	star_exact_count	1	1		0	0	exact_missing
0	CD40_P1P2_A	TCATACTGTGCGACAA	TCATACTCAGCGACAA	star_exact_count	1	1		0	0	exact_missing
0	CD40_P1P2_B	ACCAAACCACACCTTC	ACCAAACGTCACCTTC	star_exact_count	1	1		0	0	exact_missing
0	CD40_P1P2_B	CGGAACCGTAAGCTCT	CGGAACCCAAAGCTCT	star_exact_count	1	1		0	0	exact_missing
0	CD40_P1P2_B	CTTTCAACACTGTCCT	CTTTCAAGTCTGTCCT	star_exact_count	1	1		0	0	exact_missing
0	CDKN1A_P1P2_B	GGTCTGGTCTAGACAC	GGTCTGGAGTAGACAC	star_exact_count	1	1		0	0	exact_missing
0	CDKN2A_P1_A	TTAATCCAGTATTAGG	TTAATCCTCTATTAGG	star_exact_count	1	1		0	0	exact_missing
0	CDKN2A_P1_B	TGACAGTGTCTTACAG	TGACAGTCACTTACAG	star_exact_count	1	1		0	0	exact_missing
0	CDKN2A_P2_B	CCGTGAGGTCTTTATC	CCGTGAGCACTTTATC	star_exact_count	1	1		0	0	exact_missing
0	CEBPA_P1P2_A	CAACAACGTCCAGCGT	CAACAACCACCAGCGT	star_exact_count	1	1		0	0	exact_missing
0	CEBPA_P1P2_A	CATGCTCGTAGCACGA	CATGCTCCAAGCACGA	star_exact_count	1	1		0	0	exact_missing
0	CREB1_P1P2_A	CTCCTCCAGACTCTAC	CTCCTCCTCACTCTAC	star_exact_count	1	1		0	0	exact_missing
0	CREB1_P1P2_B	TACGGTATCATGCCAA	TACGGTAAGATGCCAA	star_exact_count	1	1		0	0	exact_missing
0	CTBP1_P1P2_A	CCACGAGAGCAATAGT	CCACGAGTCCAATAGT	star_exact_count	1	1		0	0	exact_missing
0	CTCF_P1P2_B	AAGAACAGTCATCAGT	AAGAACACACATCAGT	star_exact_count	1	1		0	0	exact_missing
0	DLX5_P1P2_A	CGCATAAAGAGCATCG	CGCATAATCAGCATCG	star_exact_count	1	1		0	0	exact_missing
0	DNMT3B_P1_A	CATGCCTCATCCGAAT	CATGCCTGTTCCGAAT	star_exact_count	1	1		0	0	exact_missing
0	DNMT3B_P2_A	GAACGTTGTTGATCGT	GAACGTTCATGATCGT	star_exact_count	1	1		0	0	exact_missing
0	E2F2_P1P2_B	GAGTTGTCAACAAGAT	GAGTTGTGTACAAGAT	star_exact_count	1	1		0	0	exact_missing
0	E2F3_P2_B	CCTCTCCTCGCTTGCT	CCTCTCCAGGCTTGCT	star_exact_count	1	1		0	0	exact_missing
0	E2F5_P1P2_B	CGAGTTATCCACCTCA	CGAGTTAAGCACCTCA	star_exact_count	1	1		0	0	exact_missing
0	E2F5_P1P2_B	TGACTCCCAGATTAAG	TGACTCCGTGATTAAG	star_exact_count	1	1		0	0	exact_missing
0	EBF1_P1P2_A	ACCTGTCTCAACTGAC	ACCTGTCAGAACTGAC	star_exact_count	1	1		0	0	exact_missing
0	EGR1_P1_A	ACAGAAACACAGTCGC	ACAGAAAGTCAGTCGC	star_exact_count	1	1		0	0	exact_missing
0	EGR1_P1_B	AGAGAATGTGAGGAAA	AGAGAATCAGAGGAAA	star_exact_count	1	1		0	0	exact_missing
0	ELK1_P1P2_B	CATCCCAGTCCATACA	CATCCCACACCATACA	star_exact_count	1	1		0	0	exact_missing
0	EN1_P1P2_A	GTCCTCATCCAAGCTA	GTCCTCAAGCAAGCTA	star_exact_count	1	1		0	0	exact_missing
0	EN1_P1P2_B	CTGATCCAGACAGCTG	CTGATCCTCACAGCTG	star_exact_count	1	1		0	0	exact_missing
0	EP300_P1P2_A	CCCTTAGCAACCGGAA	CCCTTAGGTACCGGAA	star_exact_count	1	1		0	0	exact_missing
0	EP300_P1P2_B	AATGCCAGTTGCTCAA	AATGCCACATGCTCAA	star_exact_count	1	1		0	0	exact_missing
0	ERG_P2_A	ACATCCCAGCCGCTTG	ACATCCCTCCCGCTTG	star_exact_count	1	1		0	0	exact_missing
0	ERG_P2_A	CTGAGCGAGAGTTGCG	CTGAGCGTCAGTTGCG	star_exact_count	1	1		0	0	exact_missing
0	ESRRG_P1_A	AATTTCCAGACCATAA	AATTTCCTCACCATAA	star_exact_count	1	1		0	0	exact_missing
0	ESRRG_P1_A	ACCTACCGTAGGACCA	ACCTACCCAAGGACCA	star_exact_count	1	1		0	0	exact_missing
0	ESRRG_P1_A	ATAGGCTGTAAGAACT	ATAGGCTCAAAGAACT	star_exact_count	1	1		0	0	exact_missing
0	ESRRG_P1_B	GTGTCCTAGCCTGACC	GTGTCCTTCCCTGACC	star_exact_count	1	1		0	0	exact_missing
0	ESRRG_P1_B	TTCTTCCGTCCTGTTC	TTCTTCCCACCTGTTC	star_exact_count	1	1		0	0	exact_missing
0	ESRRG_P2_B	GTAGCTATCAAAGGTA	GTAGCTAAGAAAGGTA	star_exact_count	1	1		0	0	exact_missing
0	ESRRG_P3_B	GGAAGTGGTATGAGAT	GGAAGTGCAATGAGAT	star_exact_count	1	1		0	0	exact_missing
0	ESRRG_P4_B	CCTCTAGGTCGACTGC	CCTCTAGCACGACTGC	star_exact_count	1	1		0	0	exact_missing
0	ESRRG_P4_B	TGCACGGCAAATAAGC	TGCACGGGTAATAAGC	star_exact_count	1	1		0	0	exact_missing
0	ETV2_P1P2_B	CCAATGAAGATGCTGG	CCAATGATCATGCTGG	star_exact_count	1	1		0	0	exact_missing
0	EZH2_P1P2_A	TTCATTGGTTCTCACC	TTCATTGCATCTCACC	star_exact_count	1	1		0	0	exact_missing
0	EZH2_P1P2_B	ATACCGAGTCCAGCAC	ATACCGACACCAGCAC	star_exact_count	1	1		0	0	exact_missing
0	EZH2_P1P2_B	GTGGAAGCAGTCTCTC	GTGGAAGGTGTCTCTC	star_exact_count	1	1		0	0	exact_missing
0	FBN1_P1P2_B	AACGTCAGTACCTAAC	AACGTCACAACCTAAC	star_exact_count	1	1		0	0	exact_missing
0	FBN1_P1P2_B	TCGCACTGTACGCGTC	TCGCACTCAACGCGTC	star_exact_count	1	1		0	0	exact_missing
0	FOXA1_P1P2_A	CCACACTAGGTCCCGT	CCACACTTCGTCCCGT	star_exact_count	1	1		0	0	exact_missing
0	FOXA1_P1P2_A	CCTCAGTAGGAAACGA	CCTCAGTTCGAAACGA	star_exact_count	1	1		0	0	exact_missing
0	FOXA1_P1P2_B	ACTATCTAGATTGCGG	ACTATCTTCATTGCGG	star_exact_count	1	1		0	0	exact_missing
0	FOXA2_P1P2_B	ACCCAAAAGGCCATAG	ACCCAAATCGCCATAG	star_exact_count	1	1		0	0	exact_missing
0	FOXA2_P1P2_B	ACGCACGCACATTCGA	ACGCACGGTCATTCGA	star_exact_count	1	1		0	0	exact_missing
0	FOXA2_P1P2_B	AGTCAACCAAGACGGT	AGTCAACGTAGACGGT	star_exact_count	1	1		0	0	exact_missing
0	FOXC2_P1P2_B	CCGATGGGTAGCTAAA	CCGATGGCAAGCTAAA	star_exact_count	1	1		0	0	exact_missing
0	FOXC2_P1P2_B	CGTTCTGCACGAGAAC	CGTTCTGGTCGAGAAC	star_exact_count	1	1		0	0	exact_missing
0	FOXO3_P1_A	CACGAATGTGTCCTAA	CACGAATCAGTCCTAA	star_exact_count	1	1		0	0	exact_missing
0	FOXO3_P1_A	CATTCTAGTCACCGCA	CATTCTACACACCGCA	star_exact_count	1	1		0	0	exact_missing
0	FOXO3_P1_A	TGCGGCATCATCTATC	TGCGGCAAGATCTATC	star_exact_count	1	1		0	0	exact_missing
0	FOXO3_P2_B	TATCAGGGTTGGTACT	TATCAGGCATGGTACT	star_exact_count	1	1		0	0	exact_missing
0	GADD45A_P1P2_B	GTGCTTCGTTGCAAGG	GTGCTTCCATGCAAGG	star_exact_count	1	1		0	0	exact_missing
0	GADD45A_P1P2_B	TTCCGGTCACACGCCA	TTCCGGTGTCACGCCA	star_exact_count	1	1		0	0	exact_missing
0	GATA2_P1_B	CAGATCAAGCAGCCCT	CAGATCATCCAGCCCT	star_exact_count	1	1		0	0	exact_missing
0	GATA2_P2_A	TCCGATCAGGCATGGT	TCCGATCTCGCATGGT	star_exact_count	1	1		0	0	exact_missing
0	GATA4_P1P2_A	CATGCGGAGTAACAGT	CATGCGGTCTAACAGT	star_exact_count	1	1		0	0	exact_missing
0	GATA4_P1P2_A	CGTTGGGGTTAGAAAC	CGTTGGGCATAGAAAC	star_exact_count	1	1		0	0	exact_missing
0	GATA4_P1P2_B	CACGTGGAGCCTGGAA	CACGTGGTCCCTGGAA	star_exact_count	1	1		0	0	exact_missing
0	GATA6_P1P2_A	ACTGATGAGCTAAATG	ACTGATGTCCTAAATG	star_exact_count	1	1		0	0	exact_missing
0	GBX2_P1P2_A	CGATGCGCACGACGAA	CGATGCGGTCGACGAA	star_exact_count	1	1		0	0	exact_missing
0	GFI1_P1_A	TCTGTCGCATCTGCGG	TCTGTCGGTTCTGCGG	star_exact_count	1	1		0	0	exact_missing
0	GFI1_P2_A	GGTGAAGGTTTCGTAG	GGTGAAGCATTCGTAG	star_exact_count	1	1		0	0	exact_missing
0	GFI1_P2_B	CCCTAACAGCTCATAC	CCCTAACTCCTCATAC	star_exact_count	1	1		0	0	exact_missing
0	GFI1_P2_B	GAGGCCTAGTCATCCA	GAGGCCTTCTCATCCA	star_exact_count	1	1		0	0	exact_missing
0	GLI1_P3_A	TGGAACTCACAAACGG	TGGAACTGTCAAACGG	star_exact_count	1	1		0	0	exact_missing
0	GLI2_P2_B	CTGTCGTGTAAGATTG	CTGTCGTCAAAGATTG	star_exact_count	1	1		0	0	exact_missing
0	GRHL2_P1P2_A	ATTATCCGTGACAGCA	ATTATCCCAGACAGCA	star_exact_count	1	1		0	0	exact_missing
0	GRHL2_P1P2_A	CTCCACACAAGGTCTT	CTCCACAGTAGGTCTT	star_exact_count	1	1		0	0	exact_missing
0	GRHL2_P1P2_B	CAGGTATGTACTCGAT	CAGGTATCAACTCGAT	star_exact_count	1	1		0	0	exact_missing
0	GRHL2_P1P2_B	GATGAGGCAGCGGTCT	GATGAGGGTGCGGTCT	star_exact_count	1	1		0	0	exact_missing
0	GSC_P1P2_A	CGGGTCAAGGGCAAGG	CGGGTCATCGGCAAGG	star_exact_count	1	1		0	0	exact_missing
0	GSC_P1P2_A	GGAATCTCATGACTGT	GGAATCTGTTGACTGT	star_exact_count	1	1		0	0	exact_missing
0	HAND1_P1P2_A	CCAATGATCCGAGAAG	CCAATGAAGCGAGAAG	star_exact_count	1	1		0	0	exact_missing
0	HAND1_P1P2_A	TGATGGTTCTGATGGT	TGATGGTAGTGATGGT	star_exact_count	1	1		0	0	exact_missing
0	HAND2_P1_B	TTGGGCGTCTAAACGC	TTGGGCGAGTAAACGC	star_exact_count	1	1		0	0	exact_missing
0	HAND2_P2_A	CTAACCCTCCCTCAAC	CTAACCCAGCCTCAAC	star_exact_count	1	1		0	0	exact_missing
0	HAND2_P2_B	TCTTCCTGTCCCGGTA	TCTTCCTCACCCGGTA	star_exact_count	1	1		0	0	exact_missing
0	HES1_P1P2_A	CAACGGCGTGAATAAC	CAACGGCCAGAATAAC	star_exact_count	1	1		0	0	exact_missing
0	HESX1_P1_A	GTGTGATCAATCACGT	GTGTGATGTATCACGT	star_exact_count	1	1		0	0	exact_missing
0	HESX1_P1_A	TCATCATTCGAAGCCC	TCATCATAGGAAGCCC	star_exact_count	1	1		0	0	exact_missing
0	HESX1_P2_A	AGACCATTCTGAGCAT	AGACCATAGTGAGCAT	star_exact_count	1	1		0	0	exact_missing
0	HESX1_P2_A	CCCTTAGAGCATCAAA	CCCTTAGTCCATCAAA	star_exact_count	1	1		0	0	exact_missing
0	HESX1_P2_A	GATGGAGAGTAGCATA	GATGGAGTCTAGCATA	star_exact_count	1	1		0	0	exact_missing
0	HESX1_P2_B	AGGAAATAGCCGGAAT	AGGAAATTCCCGGAAT	star_exact_count	1	1		0	0	exact_missing
0	HESX1_P2_B	TAGATCGCAGCCTTCT	TAGATCGGTGCCTTCT	star_exact_count	1	1		0	0	exact_missing
0	HESX1_P2_B	TCGTAGATCGAACACT	TCGTAGAAGGAACACT	star_exact_count	1	1		0	0	exact_missing
0	HHEX_P1P2_A	AGTGATCCAACACGTT	AGTGATCGTACACGTT	star_exact_count	1	1		0	0	exact_missing
0	HHEX_P1P2_A	GACAGCCGTGCGGATA	GACAGCCCAGCGGATA	star_exact_count	1	1		0	0	exact_missing
0	HHEX_P1P2_A	GCCAACGTCTTGAACG	GCCAACGAGTTGAACG	star_exact_count	1	1		0	0	exact_missing
0	HNF4A_P1P2_B	GATGATCTCTAACACG	GATGATCAGTAACACG	star_exact_count	1	1		0	0	exact_missing
0	HNF4G_P2_B	AAGCGTTAGCGTCTCG	AAGCGTTTCCGTCTCG	star_exact_count	1	1		0	0	exact_missing
0	HNF4G_P2_B	AGTTCGACACGATAGG	AGTTCGAGTCGATAGG	star_exact_count	1	1		0	0	exact_missing
0	HNF4G_P2_B	GCCTGTTCAGTCAACT	GCCTGTTGTGTCAACT	star_exact_count	1	1		0	0	exact_missing
0	HOXA1_P1P2_A	CAATGACAGAGCCTGA	CAATGACTCAGCCTGA	star_exact_count	1	1		0	0	exact_missing
0	HOXA1_P1P2_B	ACCCTCAGTCAAGGCA	ACCCTCACACAAGGCA	star_exact_count	1	1		0	0	exact_missing
0	HOXA9_P1P2_B	GGCTTTCAGACGCCCT	GGCTTTCTCACGCCCT	star_exact_count	1	1		0	0	exact_missing
0	HOXB4_P1P2_B	CAAGGGATCCATCGTC	CAAGGGAAGCATCGTC	star_exact_count	1	1		0	0	exact_missing
0	HOXC9_P1P2_B	CCATCACGTGACCGAA	CCATCACCAGACCGAA	star_exact_count	1	1		0	0	exact_missing
0	IL6_P1P2_B	CCTTTGGTCGCAGTCG	CCTTTGGAGGCAGTCG	star_exact_count	1	1		0	0	exact_missing
0	IL6_P1P2_B	GCTCAAATCATGGGAG	GCTCAAAAGATGGGAG	star_exact_count	1	1		0	0	exact_missing
0	IRF1_P1P2_A	CCATCACAGGGTGAGG	CCATCACTCGGTGAGG	star_exact_count	1	1		0	0	exact_missing
0	IRF6_P1P2_A	AGAAGTACATGTTACG	AGAAGTAGTTGTTACG	star_exact_count	1	1		0	0	exact_missing
0	IRF6_P1P2_A	GCAGCCAGTACCCGCA	GCAGCCACAACCCGCA	star_exact_count	1	1		0	0	exact_missing
0	IRF6_P1P2_B	CTACCTGGTGGATTTC	CTACCTGCAGGATTTC	star_exact_count	1	1		0	0	exact_missing
0	ISL1_P2_A	TCCTTCTGTGATTGGG	TCCTTCTCAGATTGGG	star_exact_count	1	1		0	0	exact_missing
0	ISL1_P2_B	AAAGGGCTCATCGCCT	AAAGGGCAGATCGCCT	star_exact_count	1	1		0	0	exact_missing
0	JARID2_P1P2_B	CACTTCGAGCACTGGA	CACTTCGTCCACTGGA	star_exact_count	1	1		0	0	exact_missing
0	LEF1_P2_B	TTTCATGTCCAAAGGG	TTTCATGAGCAAAGGG	star_exact_count	1	1		0	0	exact_missing
0	LMO2_P1P2_B	CGGAGAAAGTTCGCAT	CGGAGAATCTTCGCAT	star_exact_count	1	1		0	0	exact_missing
0	LMX1A_P1P2_A	AGGCCACCAACTCCCT	AGGCCACGTACTCCCT	star_exact_count	1	1		0	0	exact_missing
0	MAFA_P1P2_B	GTAACACGTCGAACGA	GTAACACCACGAACGA	star_exact_count	1	1		0	0	exact_missing
0	MAFA_P1P2_B	GTGCTTCGTTGTAAAG	GTGCTTCCATGTAAAG	star_exact_count	1	1		0	0	exact_missing
0	MBD3_P1P2_A	ACGTAACCATCTGTTT	ACGTAACGTTCTGTTT	star_exact_count	1	1		0	0	exact_missing
0	MLLT1_P1P2_A	AATGGCTCAGGCGTTC	AATGGCTGTGGCGTTC	star_exact_count	1	1		0	0	exact_missing
0	MNX1_P1P2_B	ATGCATGCAGGGAGAG	ATGCATGGTGGGAGAG	star_exact_count	1	1		0	0	exact_missing
0	MYB_P1P2_A	CCGGTGAAGACATAAC	CCGGTGATCACATAAC	star_exact_count	1	1		0	0	exact_missing
0	MYCN_P1_A	ATGATCGTCATGCCGG	ATGATCGAGATGCCGG	star_exact_count	1	1		0	0	exact_missing
0	NEUROD1_P1P2_A	GAAGAATGTTCTCCCA	GAAGAATCATCTCCCA	star_exact_count	1	1		0	0	exact_missing
0	NEUROD1_P1P2_A	GAGCCTGGTGGCTTGC	GAGCCTGCAGGCTTGC	star_exact_count	1	1		0	0	exact_missing
0	NFATC1_P2_A	TTGGATGCATGTGTCA	TTGGATGGTTGTGTCA	star_exact_count	1	1		0	0	exact_missing
0	NFATC1_P2_B	GTCAAGTCATCAGCGC	GTCAAGTGTTCAGCGC	star_exact_count	1	1		0	0	exact_missing
0	NFATC2_P2_A	AGCCAATGTTTACTGG	AGCCAATCATTACTGG	star_exact_count	1	1		0	0	exact_missing
0	NFATC2_P2_A	TAAGTCGCAAGATGTA	TAAGTCGGTAGATGTA	star_exact_count	1	1		0	0	exact_missing
0	NFATC2_P2_A	TCCAGAAGTTCCGCAG	TCCAGAACATCCGCAG	star_exact_count	1	1		0	0	exact_missing
0	NFE2_P1P2_B	TGCATCCGTAAGTTGA	TGCATCCCAAAGTTGA	star_exact_count	1	1		0	0	exact_missing
0	NFKB1_P1P2_A	AGTCTCCGTCCATAGT	AGTCTCCCACCATAGT	star_exact_count	1	1		0	0	exact_missing
0	NFKB1_P1P2_B	ACCCTTGAGGAACGCT	ACCCTTGTCGAACGCT	star_exact_count	1	1		0	0	exact_missing
0	NODAL_P1P2_A	CGAGAAGCAGGGCTTC	CGAGAAGGTGGGCTTC	star_exact_count	1	1		0	0	exact_missing
0	NODAL_P1P2_A	TGCATCCAGACACACG	TGCATCCTCACACACG	star_exact_count	1	1		0	0	exact_missing
0	NODAL_P1P2_B	CCGTTCAAGTGATTCC	CCGTTCATCTGATTCC	star_exact_count	1	1		0	0	exact_missing
0	NODAL_P1P2_B	CCTAAGAAGGTAATCA	CCTAAGATCGTAATCA	star_exact_count	1	1		0	0	exact_missing
0	NOTCH1_P1_A	AACCACAAGCACTTTG	AACCACATCCACTTTG	star_exact_count	1	1		0	0	exact_missing
0	NOTCH1_P1_B	AGCCAATAGGTCATCT	AGCCAATTCGTCATCT	star_exact_count	1	1		0	0	exact_missing
0	NOTCH1_P1_B	TTGCCTGAGCCTTTCC	TTGCCTGTCCCTTTCC	star_exact_count	1	1		0	0	exact_missing
0	NOTCH1_P2_A	CCTCATGGTACCATAC	CCTCATGCAACCATAC	star_exact_count	1	1		0	0	exact_missing
0	NR0B1_P1P2_A	TTTCACATCGGAAACG	TTTCACAAGGGAAACG	star_exact_count	1	1		0	0	exact_missing
0	NR3C1_P1P2_B	ACCACAAGTACCGGAA	ACCACAACAACCGGAA	star_exact_count	1	1		0	0	exact_missing
0	NR5A1_P1P2_A	TGACCCTTCGTCGACG	TGACCCTAGGTCGACG	star_exact_count	1	1		0	0	exact_missing
0	NR5A1_P1P2_B	GTATTGGAGTAAGGGA	GTATTGGTCTAAGGGA	star_exact_count	1	1		0	0	exact_missing
0	NR5A2_P1_A	CACGTTCCAGGTCTCG	CACGTTCGTGGTCTCG	star_exact_count	1	1		0	0	exact_missing
0	NR5A2_P1_A	TTTGGAGGTCCATAGT	TTTGGAGCACCATAGT	star_exact_count	1	1		0	0	exact_missing
0	NR6A1_P1P2_A	AAGAACAGTTTAAGGA	AAGAACACATTAAGGA	star_exact_count	1	1		0	0	exact_missing
0	NR6A1_P1P2_B	GGGTGTCCATCCGTTC	GGGTGTCGTTCCGTTC	star_exact_count	1	1		0	0	exact_missing
0	NRG1_P1P2_A	GACTCTCCACCCTGAG	GACTCTCGTCCCTGAG	star_exact_count	1	1		0	0	exact_missing
0	OLIG2_P1P2_A	GCACTAATCTTTGATC	GCACTAAAGTTTGATC	star_exact_count	1	1		0	0	exact_missing
0	OLIG2_P1P2_B	CATGAGTGTGACACAG	CATGAGTCAGACACAG	star_exact_count	1	1		0	0	exact_missing
0	OLIG2_P1P2_B	GAGTTACCACGAAGAC	GAGTTACGTCGAAGAC	star_exact_count	1	1		0	0	exact_missing
0	PAX3_P1P2_B	GTAGATCGTAGGTCAG	GTAGATCCAAGGTCAG	star_exact_count	1	1		0	0	exact_missing
0	PAX5_P1P2_B	GTCGCGAGTTTCCATT	GTCGCGACATTCCATT	star_exact_count	1	1		0	0	exact_missing
0	PAX5_P1P2_B	TCCGTGTAGGGCTGAT	TCCGTGTTCGGCTGAT	star_exact_count	1	1		0	0	exact_missing
0	PAX6_P1P2_B	AATTTCCTCACTAGCA	AATTTCCAGACTAGCA	star_exact_count	1	1		0	0	exact_missing
0	PAX7_P1P2_B	TACATTCCAAGCACAG	TACATTCGTAGCACAG	star_exact_count	1	1		0	0	exact_missing
0	PAX7_P1P2_B	TGCAGTATCGTTCTGC	TGCAGTAAGGTTCTGC	star_exact_count	1	1		0	0	exact_missing
0	PITX2_P2_A	ACTGCAAGTTTCGCTC	ACTGCAACATTCGCTC	star_exact_count	1	1		0	0	exact_missing
0	PITX2_P2_B	AGACCCGCATTGACTG	AGACCCGGTTTGACTG	star_exact_count	1	1		0	0	exact_missing
0	PITX2_P2_B	TTAATCCAGACCTGGA	TTAATCCTCACCTGGA	star_exact_count	1	1		0	0	exact_missing
0	POU2F1_P2_A	CTGGACGAGAGTTGCG	CTGGACGTCAGTTGCG	star_exact_count	1	1		0	0	exact_missing
0	POU2F1_P2_B	AGCTACAAGATGACAT	AGCTACATCATGACAT	star_exact_count	1	1		0	0	exact_missing
0	POU2F1_P2_B	CTCCGATAGGTTACAA	CTCCGATTCGTTACAA	star_exact_count	1	1		0	0	exact_missing
0	PPARGC1A_P1_B	ATGCATGCACTGAGTT	ATGCATGGTCTGAGTT	star_exact_count	1	1		0	0	exact_missing
0	PPARGC1A_P2_A	AAGCATCGTATCGTAC	AAGCATCCAATCGTAC	star_exact_count	1	1		0	0	exact_missing
0	PPARGC1A_P2_A	AGAGAGCGTCACTCGG	AGAGAGCCACACTCGG	star_exact_count	1	1		0	0	exact_missing
0	PPARG_P1_B	TCATGAGTCGGCCAAC	TCATGAGAGGGCCAAC	star_exact_count	1	1		0	0	exact_missing
0	PPARG_P2_A	CTGTGGGGTTACACAC	CTGTGGGCATACACAC	star_exact_count	1	1		0	0	exact_missing
0	PPARG_P2_A	CTTCTAATCATTACTC	CTTCTAAAGATTACTC	star_exact_count	1	1		0	0	exact_missing
0	PPARG_P2_B	AAAGGATAGAAGATCT	AAAGGATTCAAGATCT	star_exact_count	1	1		0	0	exact_missing
0	PRDM1_P1P2_A	GTAGCTAGTGACCGAA	GTAGCTACAGACCGAA	star_exact_count	1	1		0	0	exact_missing
0	PTEN_P1P2_A	GTTGCTCCACGACAGA	GTTGCTCGTCGACAGA	star_exact_count	1	1		0	0	exact_missing
0	PTEN_P1P2_A	TGGGCGTTCTCGAGTA	TGGGCGTAGTCGAGTA	star_exact_count	1	1		0	0	exact_missing
0	PTEN_P1P2_B	AGGAAATCAGCGTATT	AGGAAATGTGCGTATT	star_exact_count	1	1		0	0	exact_missing
0	PTEN_P1P2_B	CAATCGATCCAGTTCC	CAATCGAAGCAGTTCC	star_exact_count	1	1		0	0	exact_missing
0	PTEN_P1P2_B	TCAATTCGTCATCCCT	TCAATTCCACATCCCT	star_exact_count	1	1		0	0	exact_missing
0	PTF1A_P1P2_B	GGAGATGTCGTGTGGC	GGAGATGAGGTGTGGC	star_exact_count	1	1		0	0	exact_missing
0	RARA_P1_A	GGAAGTGGTTCGAACT	GGAAGTGCATCGAACT	star_exact_count	1	1		0	0	exact_missing
0	RARA_P2_B	ATACCTTCACTATCGA	ATACCTTGTCTATCGA	star_exact_count	1	1		0	0	exact_missing
0	RARB_P1P2_B	GGATCTACAGCAGTCC	GGATCTAGTGCAGTCC	star_exact_count	1	1		0	0	exact_missing
0	RB1_P1P2_B	AATGGCTCACTTGGCG	AATGGCTGTCTTGGCG	star_exact_count	1	1		0	0	exact_missing
0	RB1_P1P2_B	CAGTTAGCAGGCTACC	CAGTTAGGTGGCTACC	star_exact_count	1	1		0	0	exact_missing
0	RELA_P1P2_A	AATTCCTTCAACACCA	AATTCCTAGAACACCA	star_exact_count	1	1		0	0	exact_missing
0	RELA_P1P2_B	TCGAAGTCAGCTAACT	TCGAAGTGTGCTAACT	star_exact_count	1	1		0	0	exact_missing
0	RELB_P1P2_A	ATGTCCCGTATCTCTT	ATGTCCCCAATCTCTT	star_exact_count	1	1		0	0	exact_missing
0	RELB_P1P2_A	CACTGAAAGCCTGGAA	CACTGAATCCCTGGAA	star_exact_count	1	1		0	0	exact_missing
0	RELB_P1P2_A	CGCATGGGTTGCACGC	CGCATGGCATGCACGC	star_exact_count	1	1		0	0	exact_missing
0	RELB_P1P2_A	GAGTTTGTCCGACGGT	GAGTTTGAGCGACGGT	star_exact_count	1	1		0	0	exact_missing
0	RELB_P1P2_A	TTGCATTCAAGAATAC	TTGCATTGTAGAATAC	star_exact_count	1	1		0	0	exact_missing
0	RELB_P1P2_B	GTGCGTGTCACGATAC	GTGCGTGAGACGATAC	star_exact_count	1	1		0	0	exact_missing
0	RELB_P1P2_B	TAAGCGTTCCCTTCCC	TAAGCGTAGCCTTCCC	star_exact_count	1	1		0	0	exact_missing
0	RORB_P1P2_B	GCCGATGAGCTGAGCA	GCCGATGTCCTGAGCA	star_exact_count	1	1		0	0	exact_missing
0	RUNX1_P1P2_A	CCGAACGTCTTCACGC	CCGAACGAGTTCACGC	star_exact_count	1	1		0	0	exact_missing
0	RUNX1_P1P2_A	GTGAGCCGTCTCAAGT	GTGAGCCCACTCAAGT	star_exact_count	1	1		0	0	exact_missing
0	RUNX1_P1P2_A	TACAGGTTCTTTGCTA	TACAGGTAGTTTGCTA	star_exact_count	1	1		0	0	exact_missing
0	RUNX1_P1P2_A	TCGTCCAGTACGGGAT	TCGTCCACAACGGGAT	star_exact_count	1	1		0	0	exact_missing
0	RUNX1_P1P2_B	CATACTTTCGTGGCTG	CATACTTAGGTGGCTG	star_exact_count	1	1		0	0	exact_missing
0	RUNX1_P1P2_B	GATCACAAGTCGAATA	GATCACATCTCGAATA	star_exact_count	1	1		0	0	exact_missing
0	RUNX1_P1P2_B	GTCAAGTAGTTTAGGA	GTCAAGTTCTTTAGGA	star_exact_count	1	1		0	0	exact_missing
0	RUNX2_P1_A	CCTTGTGCACTGTGTA	CCTTGTGGTCTGTGTA	star_exact_count	1	1		0	0	exact_missing
0	RUNX2_P1_A	TGAGGTTGTAATTAGG	TGAGGTTCAAATTAGG	star_exact_count	1	1		0	0	exact_missing
0	RUNX2_P1_B	CTCCATGTCGCCAGAC	CTCCATGAGGCCAGAC	star_exact_count	1	1		0	0	exact_missing
0	SALL4_P1P2_A	CCTCCAAAGCTGGTGA	CCTCCAATCCTGGTGA	star_exact_count	1	1		0	0	exact_missing
0	SGK3_P2_A	GAAGCGACAGGAGGTT	GAAGCGAGTGGAGGTT	star_exact_count	1	1		0	0	exact_missing
0	SGK3_P2_B	TCGGGTGGTATCGAAA	TCGGGTGCAATCGAAA	star_exact_count	1	1		0	0	exact_missing
0	SHOX2_P1P2_B	TCATTTGAGAGTGACC	TCATTTGTCAGTGACC	star_exact_count	1	1		0	0	exact_missing
0	SKI_P1P2_A	AACAACCGTTACACTG	AACAACCCATACACTG	star_exact_count	1	1		0	0	exact_missing
0	SKI_P1P2_B	TCTATCACAAGCGAAC	TCTATCAGTAGCGAAC	star_exact_count	1	1		0	0	exact_missing
0	SMARCA1_P1P2_A	GAGTTGTTCGCCTTTG	GAGTTGTAGGCCTTTG	star_exact_count	1	1		0	0	exact_missing
0	SMARCA1_P1P2_B	TCATCATCAAGAGCTG	TCATCATGTAGAGCTG	star_exact_count	1	1		0	0	exact_missing
0	SMARCD1_P1P2_A	AGTCTCCGTGAGTTGG	AGTCTCCCAGAGTTGG	star_exact_count	1	1		0	0	exact_missing
0	SNAI1_P1P2_B	CAGCACGCACACTGGC	CAGCACGGTCACTGGC	star_exact_count	1	1		0	0	exact_missing
0	SNAI2_P1P2_B	CCACACTAGATAGGGA	CCACACTTCATAGGGA	star_exact_count	1	1		0	0	exact_missing
0	SOX1_P1P2_A	CATAGACCAGTCAGTT	CATAGACGTGTCAGTT	star_exact_count	1	1		0	0	exact_missing
0	SOX1_P1P2_B	ATGGAGGCATCTCGTC	ATGGAGGGTTCTCGTC	star_exact_count	1	1		0	0	exact_missing
0	SOX1_P1P2_B	TGTTACTGTCTACAAC	TGTTACTCACTACAAC	star_exact_count	1	1		0	0	exact_missing
0	SOX9_P1P2_A	GAGTGTTTCTGCGGAC	GAGTGTTAGTGCGGAC	star_exact_count	1	1		0	0	exact_missing
0	SOX9_P1P2_B	AATGAAGGTGCCTACG	AATGAAGCAGCCTACG	star_exact_count	1	1		0	0	exact_missing
0	SOX9_P1P2_B	ACAAGCTAGGGTAATT	ACAAGCTTCGGTAATT	star_exact_count	1	1		0	0	exact_missing
0	SOX9_P1P2_B	GAGTCATCATAACGGG	GAGTCATGTTAACGGG	star_exact_count	1	1		0	0	exact_missing
0	SOX9_P1P2_B	GGAGAACTCGCAGAGA	GGAGAACAGGCAGAGA	star_exact_count	1	1		0	0	exact_missing
0	SPEN_P1P2_B	AGCTTCCGTCGTGATT	AGCTTCCCACGTGATT	star_exact_count	1	1		0	0	exact_missing
0	SREBF1_P1_B	CCATAAGTCTGTGCGG	CCATAAGAGTGTGCGG	star_exact_count	1	1		0	0	exact_missing
0	SREBF1_P2_A	GGACGTCTCCGCAGTG	GGACGTCAGCGCAGTG	star_exact_count	1	1		0	0	exact_missing
0	SREBF1_P2_B	GCCATTCTCGAGAGAC	GCCATTCAGGAGAGAC	star_exact_count	1	1		0	0	exact_missing
0	STAT1_P1P2_A	CAACCTCTCCTCATAT	CAACCTCAGCTCATAT	star_exact_count	1	1		0	0	exact_missing
0	STAT1_P1P2_A	TGACCCTAGGGAGGTG	TGACCCTTCGGAGGTG	star_exact_count	1	1		0	0	exact_missing
0	STAT3_P1P2_B	AGATCGTAGTCTAACC	AGATCGTTCTCTAACC	star_exact_count	1	1		0	0	exact_missing
0	STAT3_P1P2_B	CAAAGAAAGCTGACAG	CAAAGAATCCTGACAG	star_exact_count	1	1		0	0	exact_missing
0	STAT3_P1P2_B	CAAGACTGTCGATTAC	CAAGACTCACGATTAC	star_exact_count	1	1		0	0	exact_missing
0	STAT3_P1P2_B	TTTGACTTCTGTCCGT	TTTGACTAGTGTCCGT	star_exact_count	1	1		0	0	exact_missing
0	STAT5A_P1P2_B	CCACAAAAGAGAGGTA	CCACAAATCAGAGGTA	star_exact_count	1	1		0	0	exact_missing
0	STAT6_P1P2_B	CCGAACGTCCGTAATG	CCGAACGAGCGTAATG	star_exact_count	1	1		0	0	exact_missing
0	TAL1_P1_B	CACTGTCCAGCTACTA	CACTGTCGTGCTACTA	star_exact_count	1	1		0	0	exact_missing
0	TAL1_P1_B	CGGGTGTGTACTCCCT	CGGGTGTCAACTCCCT	star_exact_count	1	1		0	0	exact_missing
0	TBX20_P1P2_B	CCCTTAGCATTCACCC	CCCTTAGGTTTCACCC	star_exact_count	1	1		0	0	exact_missing
0	TBX20_P1P2_B	GGTTCTCTCGACACTA	GGTTCTCAGGACACTA	star_exact_count	1	1		0	0	exact_missing
0	TBX20_P1P2_B	GTCACGGCAGACAATA	GTCACGGGTGACAATA	star_exact_count	1	1		0	0	exact_missing
0	TBX20_P1P2_B	TCCGTGTCAGTAGTGG	TCCGTGTGTGTAGTGG	star_exact_count	1	1		0	0	exact_missing
0	TBX5_P1_B	GTTTACTAGCCTCAGC	GTTTACTTCCCTCAGC	star_exact_count	1	1		0	0	exact_missing
0	TCF3_P1P2_A	ATCGATGCATTGGATC	ATCGATGGTTTGGATC	star_exact_count	1	1		0	0	exact_missing
0	TCF7_P1P2_A	ACGGTTAAGACTGGGT	ACGGTTATCACTGGGT	star_exact_count	1	1		0	0	exact_missing
0	TCF7_P1P2_A	CTTCCGATCCACCTGT	CTTCCGAAGCACCTGT	star_exact_count	1	1		0	0	exact_missing
0	TCF7_P1P2_B	CCCAACTCAAGTCATC	CCCAACTGTAGTCATC	star_exact_count	1	1		0	0	exact_missing
0	TCF7_P1P2_B	GTCGAATCAAAGTATG	GTCGAATGTAAGTATG	star_exact_count	1	1		0	0	exact_missing
0	THRA_P1P2_B	ACCTGTCGTACACGCC	ACCTGTCCAACACGCC	star_exact_count	1	1		0	0	exact_missing
0	THRA_P1P2_B	CACTGTCCAATGGCCC	CACTGTCGTATGGCCC	star_exact_count	1	1		0	0	exact_missing
0	THRA_P1P2_B	CCTTGTGCAAACTCTG	CCTTGTGGTAACTCTG	star_exact_count	1	1		0	0	exact_missing
0	THRA_P1P2_B	TCTCAGCGTCGCATGC	TCTCAGCCACGCATGC	star_exact_count	1	1		0	0	exact_missing
0	THRB_P1P2_B	AGGCATTAGCTGACCC	AGGCATTTCCTGACCC	star_exact_count	1	1		0	0	exact_missing
0	THRB_P1P2_B	CTCCTCCGTCGTACAT	CTCCTCCCACGTACAT	star_exact_count	1	1		0	0	exact_missing
0	THRB_P1P2_B	TAGTGCACAGACAAAT	TAGTGCAGTGACAAAT	star_exact_count	1	1		0	0	exact_missing
0	TLR4_P1P2_A	GTTGTGAGTGTTATCG	GTTGTGACAGTTATCG	star_exact_count	1	1		0	0	exact_missing
0	TLR4_P1P2_B	CTTCAATCAGTTGCGC	CTTCAATGTGTTGCGC	star_exact_count	1	1		0	0	exact_missing
0	TP53_P1P2_A	ATCCACCTCACGGAGA	ATCCACCAGACGGAGA	star_exact_count	1	1		0	0	exact_missing
0	TP53_P1P2_A	TATGTTCCACGCGGTT	TATGTTCGTCGCGGTT	star_exact_count	1	1		0	0	exact_missing
0	TP53_P1P2_A	TTCCTAAGTACACTCA	TTCCTAACAACACTCA	star_exact_count	1	1		0	0	exact_missing
0	TP53_P1P2_B	CCTCACATCCGTGGGT	CCTCACAAGCGTGGGT	star_exact_count	1	1		0	0	exact_missing
0	TP53_P1P2_B	GGGCCATAGACCCTTA	GGGCCATTCACCCTTA	star_exact_count	1	1		0	0	exact_missing
0	TP53_P1P2_B	TTGGGTAAGACTGGGT	TTGGGTATCACTGGGT	star_exact_count	1	1		0	0	exact_missing
0	TP73_P1P2_B	GTGCAGCCAAGCGCAA	GTGCAGCGTAGCGCAA	star_exact_count	1	1		0	0	exact_missing
0	T_P1P2_A	CTGTACCCACTTACAG	CTGTACCGTCTTACAG	star_exact_count	1	1		0	0	exact_missing
0	T_P1P2_A	TCGAAGTCAGCGACCT	TCGAAGTGTGCGACCT	star_exact_count	1	1		0	0	exact_missing
0	T_P1P2_A	TCTGTCGTCGCCTATC	TCTGTCGAGGCCTATC	star_exact_count	1	1		0	0	exact_missing
0	T_P1P2_B	ATCGTAGTCGAACCAT	ATCGTAGAGGAACCAT	star_exact_count	1	1		0	0	exact_missing
0	T_P1P2_B	CAAGGGATCCATCTAT	CAAGGGAAGCATCTAT	star_exact_count	1	1		0	0	exact_missing
0	T_P1P2_B	GCGGAAAAGATGGCAC	GCGGAAATCATGGCAC	star_exact_count	1	1		0	0	exact_missing
0	T_P1P2_B	TTACGCCGTCTGCAAT	TTACGCCCACTGCAAT	star_exact_count	1	1		0	0	exact_missing
0	UTF1_P1P2_B	TCATGGAGTCCAAAGG	TCATGGACACCAAAGG	star_exact_count	1	1		0	0	exact_missing
0	VDR_P1P2_A	AATAGAGGTCCCAAAT	AATAGAGCACCCAAAT	star_exact_count	1	1		0	0	exact_missing
0	VDR_P1P2_A	AGCGCCACAGGCTATT	AGCGCCAGTGGCTATT	star_exact_count	1	1		0	0	exact_missing
0	VDR_P1P2_A	AGGTTACCACCTGTCT	AGGTTACGTCCTGTCT	star_exact_count	1	1		0	0	exact_missing
0	VDR_P1P2_A	TATCGCCGTTCCTTGC	TATCGCCCATCCTTGC	star_exact_count	1	1		0	0	exact_missing
0	VDR_P1P2_A	TGTTACTGTGACTCTA	TGTTACTCAGACTCTA	star_exact_count	1	1		0	0	exact_missing
0	VDR_P1P2_B	ATCCGTCTCGAAGTGG	ATCCGTCAGGAAGTGG	star_exact_count	1	1		0	0	exact_missing
0	WNT1_P1_A	TCATGGAAGATAGCTA	TCATGGATCATAGCTA	star_exact_count	1	1		0	0	exact_missing
0	WNT1_P1_B	TTCCTAACATCGTGGC	TTCCTAAGTTCGTGGC	star_exact_count	1	1		0	0	exact_missing
0	WT1_P1P2_A	TACACCCAGAGAGCCT	TACACCCTCAGAGCCT	star_exact_count	1	1		0	0	exact_missing
0	YY1_P1P2_A	CCGCAAGCAACTTGCA	CCGCAAGGTACTTGCA	star_exact_count	1	1		0	0	exact_missing
0	ZFP42_P2_B	CGGCAGTGTACTGGGA	CGGCAGTCAACTGGGA	star_exact_count	1	1		0	0	exact_missing
0	ZNF180_P1P2_A	AGAGCAGTCTCTCTAA	AGAGCAGAGTCTCTAA	star_exact_count	1	1		0	0	exact_missing
0	ZNF180_P1P2_A	AGTGACTTCCTCGCAT	AGTGACTAGCTCGCAT	star_exact_count	1	1		0	0	exact_missing
0	ZNF180_P1P2_A	GGTCACGGTAGCTCGC	GGTCACGCAAGCTCGC	star_exact_count	1	1		0	0	exact_missing
0	ZNF286A_P1P2_A	GTAACACAGTGATAAC	GTAACACTCTGATAAC	star_exact_count	1	1		0	0	exact_missing
0	ZNF286A_P1P2_A	TGAGCGCAGGTCGTAG	TGAGCGCTCGTCGTAG	star_exact_count	1	1		0	0	exact_missing
0	ZNF286A_P1P2_B	TCTTCCTGTACCGTCG	TCTTCCTCAACCGTCG	star_exact_count	1	1		0	0	exact_missing
0	ZNF286A_P1P2_B	TGTTTGTCAGTGACCC	TGTTTGTGTGTGACCC	star_exact_count	1	1		0	0	exact_missing
0	ZNF391_P1P2_A	GTCACGGGTAGGACCA	GTCACGGCAAGGACCA	star_exact_count	1	1		0	0	exact_missing
0	negative_control_1_P1P2_A	CATGAGTTCACAGAGG	CATGAGTAGACAGAGG	star_exact_count	1	1		0	0	exact_missing
0	negative_control_4_P1P2_A	TGGGTTATCAGAACCT	TGGGTTAAGAGAACCT	star_exact_count	1	1		0	0	exact_missing
0	negative_control_5_P1P2_A	AAGCGTTCACCCTGTT	AAGCGTTGTCCCTGTT	star_exact_count	1	1		0	0	exact_missing
0	negative_control_5_P1P2_A	ACGCACGGTAGCTTAC	ACGCACGCAAGCTTAC	star_exact_count	1	1		0	0	exact_missing
0	negative_control_5_P1P2_A	AGGGAGTCAGGGACTA	AGGGAGTGTGGGACTA	star_exact_count	1	1		0	0	exact_missing
0	negative_control_5_P1P2_A	CCGATCTTCCTCAGGG	CCGATCTAGCTCAGGG	star_exact_count	1	1		0	0	exact_missing
0	negative_control_5_P1P2_A	CCTATCGCACATGTTG	CCTATCGGTCATGTTG	star_exact_count	1	1		0	0	exact_missing
0	negative_control_5_P1P2_B	CTGAGGCGTAGCTGTT	CTGAGGCCAAGCTGTT	star_exact_count	1	1		0	0	exact_missing
0	negative_control_5_P1P2_B	GGGACTCTCAGTGCGC	GGGACTCAGAGTGCGC	star_exact_count	1	1		0	0	exact_missing
1	BCL6_P1P2_A	ATCCACCTCTACTTCA	ATCCACCAGTACTTCA	star_m1_minus_m0	136	0	136	0	0	shift_to_partner_feature
1	BCL6_P1P2_A	TACACCCAGTTCACTG	TACACCCTCTTCACTG	star_m1_minus_m0	127	0	127	0	0	shift_to_partner_feature
1	ZNF239_P1P2_A	ACTATCTTCAACCTTT	ACTATCTAGAACCTTT	star_m1_minus_m0	117	0	117	0	0	no_partner_signal_in_cr
1	BCL6_P1P2_A	CGAAGGATCTCCTGAC	CGAAGGAAGTCCTGAC	star_m1_minus_m0	108	0	108	0	0	shift_to_partner_feature
1	FOXD3_P1_B	AGGTAGGAGAAGATCT	AGGTAGGTCAAGATCT	star_m1_minus_m0	101	0	101	0	0	no_partner_signal_in_cr
1	negative_control_5_P1P2_A	CGGGTCAAGGCATCTT	CGGGTCATCGCATCTT	star_m1_minus_m0	87	200	287	0	0	no_partner_signal_in_cr
1	negative_control_5_P1P2_A	CAACAACCAACAACAA	CAACAACGTACAACAA	star_m1_minus_m0	73	162	235	0	0	no_partner_signal_in_cr
1	BCL6_P1P2_A	CCTACGTTCCGCTTAC	CCTACGTAGCGCTTAC	star_m1_minus_m0	70	0	70	0	0	shift_to_partner_feature
1	MDM2_P1P2_A	TTTCACATCGCTTGAA	TTTCACAAGGCTTGAA	star_m1_minus_m0	17	0	17	0	0	no_partner_signal_in_cr
1	DNMT3A_P1P2_A	TGTTGAGAGTCTTCCC	TGTTGAGTCTCTTCCC	star_m1_minus_m0	12	8	20	0	0	no_partner_signal_in_cr
1	SNAI2_P1P2_B	TCCATGCTCTTCCGTG	TCCATGCAGTTCCGTG	star_m1_minus_m0	12	0	12	0	0	no_partner_signal_in_cr
1	TLR4_P1P2_B	CCACTTGGTCGTTGGC	CCACTTGCACGTTGGC	star_m1_minus_m0	10	169	179	0	0	shift_to_partner_feature
1	negative_control_5_P1P2_A	CTTGAGATCTGTCCGT	CTTGAGAAGTGTCCGT	star_m1_minus_m0	9	15	24	0	0	no_partner_signal_in_cr
1	HOXA9_P1P2_A	CTCAGTCCATTGAGGG	CTCAGTCGTTTGAGGG	star_m1_minus_m0	8	44	52	0	0	shift_to_partner_feature
1	ESRRG_P1_A	GTATTTCGTGATACAA	GTATTTCCAGATACAA	star_m1_minus_m0	4	58	62	0	0	shift_to_partner_feature
1	LMO2_P1P2_B	ATCCATTTCTGAGCAT	ATCCATTAGTGAGCAT	star_m1_minus_m0	4	189	193	0	0	no_partner_signal_in_cr
1	ESRRG_P1_A	TCGATTTCATGCAGGA	TCGATTTGTTGCAGGA	star_m1_minus_m0	3	34	37	0	0	shift_to_partner_feature
1	MYB_P1P2_B	TAACGACTCTCTCCGA	TAACGACAGTCTCCGA	star_m1_minus_m0	3	28	31	0	0	shift_to_partner_feature
1	RUNX1_P1P2_B	GCATCGGAGATGCTGG	GCATCGGTCATGCTGG	star_m1_minus_m0	3	113	116	0	0	shift_to_partner_feature
1	VDR_P1P2_A	AGGATAAAGGAGAGTA	AGGATAATCGAGAGTA	star_m1_minus_m0	3	183	186	0	0	no_partner_signal_in_cr
1	DNMT3B_P1_A	GACACGCCACCTAAAC	GACACGCGTCCTAAAC	star_m1_minus_m0	2	27	29	0	0	shift_to_partner_feature
1	NEUROG1_P1P2_A	CCAAGCGAGAAACTCA	CCAAGCGTCAAACTCA	star_m1_minus_m0	2	138	140	0	0	shift_to_partner_feature
1	PITX2_P2_B	TGGTGATCAACTGATC	TGGTGATGTACTGATC	star_m1_minus_m0	2	42	44	0	0	shift_to_partner_feature
1	ATF2_P1P2_A	GGAGGATGTTCCGTTC	GGAGGATCATCCGTTC	star_m1_minus_m0	1	0	1	0	0	no_partner_signal_in_cr
1	BCL6_P1P2_A	CCTCCAATCGCGTGCA	CCTCCAAAGGCGTGCA	star_m1_minus_m0	1	0	1	0	0	no_partner_signal_in_cr
1	BCL6_P1P2_A	TAAGCCAAGACTTAAG	TAAGCCATCACTTAAG	star_m1_minus_m0	1	0	1	0	0	no_partner_signal_in_cr
1	BCL6_P1P2_A	TCCACCATCTCCTGAC	TCCACCAAGTCCTGAC	star_m1_minus_m0	1	0	1	0	0	no_partner_signal_in_cr
1	BCL6_P1P2_A	TCCTCCCAGTTCACTG	TCCTCCCTCTTCACTG	star_m1_minus_m0	1	0	1	0	0	no_partner_signal_in_cr
1	BCL6_P1P2_A	TCTGTCGTCTCTATGT	TCTGTCGAGTCTATGT	star_m1_minus_m0	1	0	1	0	0	no_partner_signal_in_cr
1	BCL6_P1P2_A	TGAACGTTCAGTGTTG	TGAACGTAGAGTGTTG	star_m1_minus_m0	1	0	1	0	0	no_partner_signal_in_cr
1	BCL6_P1P2_A	TGGAGGATCGTGGTAT	TGGAGGAAGGTGGTAT	star_m1_minus_m0	1	0	1	0	0	no_partner_signal_in_cr
1	BCL6_P1P2_A	TGTCCCATCTACTTCA	TGTCCCAAGTACTTCA	star_m1_minus_m0	1	0	1	0	0	no_partner_signal_in_cr
1	BMP2_P1_B	CTAACCCTCTAGACCA	CTAACCCAGTAGACCA	star_m1_minus_m0	1	0	1	0	0	no_partner_signal_in_cr
1	CDKN2A_P1_A	TTGGGTATCTCCTGAC	TTGGGTAAGTCCTGAC	star_m1_minus_m0	1	0	1	0	0	no_partner_signal_in_cr
1	CREB1_P1P2_B	GATTCGAAGTTAGAAC	GATTCGATCTTAGAAC	star_m1_minus_m0	1	0	1	0	0	no_partner_signal_in_cr
1	CTCF_P1P2_B	TGAGGAGGTAAGATTG	TGAGGAGCAAAGATTG	star_m1_minus_m0	1	0	1	0	0	no_partner_signal_in_cr
1	DNMT3A_P1P2_A	GACTCTCAGGTTATAG	GACTCTCTCGTTATAG	star_m1_minus_m0	1	0	1	0	0	no_partner_signal_in_cr
1	DNMT3B_P1_B	AACACACAGCTAGAAT	AACACACTCCTAGAAT	star_m1_minus_m0	1	0	1	0	0	no_partner_signal_in_cr
1	DNMT3B_P1_B	TTGTGTTTCGATGCAT	TTGTGTTAGGATGCAT	star_m1_minus_m0	1	0	1	0	0	no_partner_signal_in_cr
1	DNMT3B_P1_B	TTGTTTGTCCTAGCCT	TTGTTTGAGCTAGCCT	star_m1_minus_m0	1	0	1	0	0	no_partner_signal_in_cr
1	E2F2_P1P2_A	TGCAGTACAAGTAGTA	TGCAGTAGTAGTAGTA	star_m1_minus_m0	1	0	1	0	0	no_partner_signal_in_cr
1	E2F2_P1P2_A	TTACAGGAGCTCAGAG	TTACAGGTCCTCAGAG	star_m1_minus_m0	1	0	1	0	0	no_partner_signal_in_cr
1	E2F3_P1_A	ATTCCATGTGAGTCAG	ATTCCATCAGAGTCAG	star_m1_minus_m0	1	0	1	0	0	no_partner_signal_in_cr
1	E2F4_P1P2_A	TATACCTTCTGTACAG	TATACCTAGTGTACAG	star_m1_minus_m0	1	0	1	0	0	no_partner_signal_in_cr
1	EN1_P1P2_A	TCTTTGAAGCCTCACG	TCTTTGATCCCTCACG	star_m1_minus_m0	1	0	1	0	0	barcode_absent_from_cr_matrix
1	EN1_P1P2_B	GACGCTGAGATTTGCC	GACGCTGTCATTTGCC	star_m1_minus_m0	1	0	1	0	0	no_partner_signal_in_cr
1	ESRRG_P1_B	CAGGTATCAGTCTTCC	CAGGTATGTGTCTTCC	star_m1_minus_m0	1	0	1	0	0	barcode_absent_from_cr_matrix
1	ESRRG_P1_B	TACCCGTAGTTCGCAT	TACCCGTTCTTCGCAT	star_m1_minus_m0	1	0	1	0	0	no_partner_signal_in_cr
1	ESRRG_P2_B	GGCTGTGGTCTCACAA	GGCTGTGCACTCACAA	star_m1_minus_m0	1	0	1	0	0	no_partner_signal_in_cr
1	ESRRG_P5_A	AAGAACAAGAATCGCG	AAGAACATCAATCGCG	star_m1_minus_m0	1	0	1	0	0	no_partner_signal_in_cr
1	ESRRG_P5_A	TACCTGCCACCATTCC	TACCTGCGTCCATTCC	star_m1_minus_m0	1	0	1	0	0	no_partner_signal_in_cr
1	ESRRG_P5_B	ACCCTCAGTCTGCGCA	ACCCTCACACTGCGCA	star_m1_minus_m0	1	0	1	0	0	barcode_absent_from_cr_matrix
1	ETV2_P1P2_B	CCCTGATGTCTCTCAC	CCCTGATCACTCTCAC	star_m1_minus_m0	1	0	1	0	0	barcode_absent_from_cr_matrix
1	FBN1_P1P2_B	GCATCGGTCCATCTCG	GCATCGGAGCATCTCG	star_m1_minus_m0	1	0	1	0	0	no_partner_signal_in_cr
1	FOXA2_P1P2_B	TACACCCTCCCTCTCC	TACACCCAGCCTCTCC	star_m1_minus_m0	1	0	1	0	0	no_partner_signal_in_cr
1	GADD45A_P1P2_B	CATCGGGCATGCACTA	CATCGGGGTTGCACTA	star_m1_minus_m0	1	0	1	0	0	no_partner_signal_in_cr
1	GFI1_P2_B	ATCCACCTCGGCGATC	ATCCACCAGGGCGATC	star_m1_minus_m0	1	0	1	0	0	no_partner_signal_in_cr
1	HHEX_P1P2_A	GACTATGGTTCTCCCA	GACTATGCATCTCCCA	star_m1_minus_m0	1	0	1	0	0	no_partner_signal_in_cr
1	HOXB4_P1P2_B	ACCTACCAGTGCACCC	ACCTACCTCTGCACCC	star_m1_minus_m0	1	0	1	0	0	no_partner_signal_in_cr
1	ID1_P1P2_B	ATCCGTCAGGTTCTAC	ATCCGTCTCGTTCTAC	star_m1_minus_m0	1	0	1	0	0	no_partner_signal_in_cr
1	ISL1_P2_B	CGGAACCAGAACCCGA	CGGAACCTCAACCCGA	star_m1_minus_m0	1	0	1	0	0	no_partner_signal_in_cr
1	KIT_P1P2_B	ACTTTCAAGGAATTAC	ACTTTCATCGAATTAC	star_m1_minus_m0	1	0	1	0	0	no_partner_signal_in_cr
1	KLF2_P1P2_A	CGCCATTGTGAGCTCC	CGCCATTCAGAGCTCC	star_m1_minus_m0	1	0	1	0	0	no_partner_signal_in_cr
1	LEF1_P1_A	TCATCCGCATCTGTTT	TCATCCGGTTCTGTTT	star_m1_minus_m0	1	0	1	0	0	no_partner_signal_in_cr
1	MDM2_P1P2_A	GCGTGCACAGTTGGTT	GCGTGCAGTGTTGGTT	star_m1_minus_m0	1	0	1	0	0	no_partner_signal_in_cr
1	MEF2C_P1P2_B	TGTCCCAGTCCGGATC	TGTCCCACACCGGATC	star_m1_minus_m0	1	0	1	0	0	no_partner_signal_in_cr
1	NFATC2_P1_A	TGCTGAACAATTGCTG	TGCTGAAGTATTGCTG	star_m1_minus_m0	1	0	1	0	0	no_partner_signal_in_cr
1	NFATC2_P1_B	TCCACCAGTGTCGATT	TCCACCACAGTCGATT	star_m1_minus_m0	1	0	1	0	0	no_partner_signal_in_cr
1	NFATC2_P2_A	CGTCCATCATAACGGG	CGTCCATGTTAACGGG	star_m1_minus_m0	1	0	1	0	0	no_partner_signal_in_cr
1	NFKB1_P1P2_A	CACATGATCCACCTCA	CACATGAAGCACCTCA	star_m1_minus_m0	1	0	1	0	0	barcode_absent_from_cr_matrix
1	NFKB2_P1P2_A	ATCCACCTCCATTCAT	ATCCACCAGCATTCAT	star_m1_minus_m0	1	0	1	0	0	barcode_absent_from_cr_matrix
1	NODAL_P1P2_A	GAAACCTAGACACACG	GAAACCTTCACACACG	star_m1_minus_m0	1	0	1	0	0	no_partner_signal_in_cr
1	NR4A1_P1P2_A	CAGATACGTACCATAC	CAGATACCAACCATAC	star_m1_minus_m0	1	0	1	0	0	no_partner_signal_in_cr
1	NR4A1_P1P2_B	GAGTCATCAGTAGAGC	GAGTCATGTGTAGAGC	star_m1_minus_m0	1	0	1	0	0	no_partner_signal_in_cr
1	NR5A1_P1P2_B	CTGTCGTGTAAGATTG	CTGTCGTCAAAGATTG	star_m1_minus_m0	1	0	1	0	0	no_partner_signal_in_cr
1	ONECUT2_P1P2_B	ATGGGAGGTACCCGAC	ATGGGAGCAACCCGAC	star_m1_minus_m0	1	0	1	0	0	no_partner_signal_in_cr
1	OTX2_P1P2_A	TAGGAGGTCTGCATAG	TAGGAGGAGTGCATAG	star_m1_minus_m0	1	0	1	0	0	no_partner_signal_in_cr
1	PITX2_P1_B	TTACCGCAGGATACAT	TTACCGCTCGATACAT	star_m1_minus_m0	1	0	1	0	0	no_partner_signal_in_cr
1	POU2F1_P2_A	TTTGATCAGTCCTGCG	TTTGATCTCTCCTGCG	star_m1_minus_m0	1	0	1	0	0	no_partner_signal_in_cr
1	POU3F2_P1P2_A	TTTACCATCCGATAGT	TTTACCAAGCGATAGT	star_m1_minus_m0	1	13	14	0	0	shift_to_partner_feature
1	POU5F1_P2_A	CATGCTCAGCGCCATC	CATGCTCTCCGCCATC	star_m1_minus_m0	1	0	1	0	0	no_partner_signal_in_cr
1	PPARD_P1P2_B	CCCTCTCTCTCGGGAC	CCCTCTCAGTCGGGAC	star_m1_minus_m0	1	0	1	0	0	barcode_absent_from_cr_matrix
1	PTEN_P1P2_B	TTTGTTGTCACCTCGT	TTTGTTGAGACCTCGT	star_m1_minus_m0	1	0	1	0	0	no_partner_signal_in_cr
1	PTF1A_P1P2_B	GACCCTTAGCACCCAC	GACCCTTTCCACCCAC	star_m1_minus_m0	1	0	1	0	0	no_partner_signal_in_cr
1	RB1_P1P2_B	TGCAGTAGTACCGGAA	TGCAGTACAACCGGAA	star_m1_minus_m0	1	0	1	0	0	no_partner_signal_in_cr
1	RELA_P1P2_B	GCCGTGAGTAGCGTCC	GCCGTGACAAGCGTCC	star_m1_minus_m0	1	0	1	0	0	no_partner_signal_in_cr
1	RELB_P1P2_A	TTTGGAGTCTTCCCGA	TTTGGAGAGTTCCCGA	star_m1_minus_m0	1	0	1	0	0	no_partner_signal_in_cr
1	RUNX2_P2_A	GCATCTCGTGTATTGC	GCATCTCCAGTATTGC	star_m1_minus_m0	1	2	3	0	0	shift_to_partner_feature
1	SKI_P1P2_B	CGGGACTGTCCCACGA	CGGGACTCACCCACGA	star_m1_minus_m0	1	0	1	0	0	barcode_absent_from_cr_matrix
1	SMARCA1_P1P2_A	CTACAGACAGTCGAGA	CTACAGAGTGTCGAGA	star_m1_minus_m0	1	0	1	0	0	barcode_absent_from_cr_matrix
1	SNAI1_P1P2_A	TCAGTCCTCTTGGTGA	TCAGTCCAGTTGGTGA	star_m1_minus_m0	1	0	1	0	0	no_partner_signal_in_cr
1	SNAI1_P1P2_B	GTCTTTACACTGTCCT	GTCTTTAGTCTGTCCT	star_m1_minus_m0	1	0	1	0	0	barcode_absent_from_cr_matrix
1	SOX9_P1P2_A	AACCACAGTCTCTCAC	AACCACACACTCTCAC	star_m1_minus_m0	1	0	1	0	0	no_partner_signal_in_cr
1	SREBF1_P2_B	ACCCTCACATCCGCGA	ACCCTCAGTTCCGCGA	star_m1_minus_m0	1	0	1	0	0	barcode_absent_from_cr_matrix
1	STAT1_P1P2_B	TCATTGTAGTAGCATA	TCATTGTTCTAGCATA	star_m1_minus_m0	1	0	1	0	0	no_partner_signal_in_cr
1	STAT6_P1P2_A	CAACCTCGTCTGCCTT	CAACCTCCACTGCCTT	star_m1_minus_m0	1	0	1	0	0	no_partner_signal_in_cr
1	STAT6_P1P2_B	AGCGCTGAGGTCGTAG	AGCGCTGTCGTCGTAG	star_m1_minus_m0	1	0	1	0	0	no_partner_signal_in_cr
1	TBX3_P1P2_B	GCTGAATTCAGTGTTG	GCTGAATAGAGTGTTG	star_m1_minus_m0	1	0	1	0	0	no_partner_signal_in_cr
1	TBX3_P1P2_B	GGTGTCGTCTCTATGT	GGTGTCGAGTCTATGT	star_m1_minus_m0	1	0	1	0	0	no_partner_signal_in_cr
1	TCF7_P1P2_B	CTGCTCAGTAGACAGC	CTGCTCACAAGACAGC	star_m1_minus_m0	1	0	1	0	0	no_partner_signal_in_cr
1	TLR4_P1P2_A	TGCAGTATCTTGGTGA	TGCAGTAAGTTGGTGA	star_m1_minus_m0	1	0	1	0	0	no_partner_signal_in_cr
1	UTF1_P1P2_B	CGGTCAGTCTCCACTG	CGGTCAGAGTCCACTG	star_m1_minus_m0	1	0	1	0	0	no_partner_signal_in_cr
1	VDR_P1P2_A	GATCCCTGTACGATGG	GATCCCTCAACGATGG	star_m1_minus_m0	1	0	1	0	0	no_partner_signal_in_cr
1	WNT1_P2_A	GAGTCTAGTTGATGTC	GAGTCTACATGATGTC	star_m1_minus_m0	1	0	1	0	0	no_partner_signal_in_cr
1	YBX1_P1P2_B	ACTATGGCAACCGACC	ACTATGGGTACCGACC	star_m1_minus_m0	1	0	1	0	0	no_partner_signal_in_cr
1	ZNF239_P1P2_A	ACCCTCATCAACCTTT	ACCCTCAAGAACCTTT	star_m1_minus_m0	1	0	1	0	0	no_partner_signal_in_cr
1	ZNF239_P1P2_A	TTCTTGAAGTACAGCG	TTCTTGATCTACAGCG	star_m1_minus_m0	1	0	1	0	0	no_partner_signal_in_cr
1	ZNF391_P1P2_A	TACTTCACATCCTCAC	TACTTCAGTTCCTCAC	star_m1_minus_m0	1	0	1	0	0	barcode_absent_from_cr_matrix
1	negative_control_5_P1P2_A	CATCAAGTCGCTGACG	CATCAAGAGGCTGACG	star_m1_minus_m0	1	0	1	0	0	no_partner_signal_in_cr
