# 2026-09-13 attribution-trailer correction; commit trees, authors, dates and parent order preserved.
# Existing source-revision and binary-checksum provenance remains unchanged. See HISTORY_REWRITE_20260913.md.
old	new
000a806997a0586f12135878873adaf62bacab8b	000a806997a0586f12135878873adaf62bacab8b
0028cf010e8146d266c1f5c31c4c9a16627a3c52	0028cf010e8146d266c1f5c31c4c9a16627a3c52
003544100d069d44d1ecc555beb1b464d13c4ee4	003544100d069d44d1ecc555beb1b464d13c4ee4
004c36e925bfc37d77389ebf3b1ba4f48630e670	004c36e925bfc37d77389ebf3b1ba4f48630e670
005b2d6594c4e176d99bc1e0cf462f1dfc017b18	cc61ad6733790f1b72cd456a83d26835921f4ca7
0143c16d48337eb42cb991900c0103c8229dd15a	95aef752912209d1f24fdadcba4f11dd7b7a893e
0189f23d5b4dcaed0ba9370d57a8c05e069f7f4f	097d945e977d8a5d07a7498250372ed1c3370fa0
02165adb902182a828ba2475e52721db2f410410	99f8227bad86019949ce18a587607322eee72543
022b24d4cf102cc11fbfa752fa393cdc3c4c73be	e446ff167e544fe8535f4ed7022745ac66ad0375
024bcc0f8ca99838c88e552c92aee040d229ef97	67cc237a7735eb8e1fcb5fc609ca793b229a5d38
02552a5b42165002517727b817d2236bcaf37d6c	02552a5b42165002517727b817d2236bcaf37d6c
02ad45d5d2f7e150a5eaa430a76627f938588355	02ad45d5d2f7e150a5eaa430a76627f938588355
02bd1f192cd3b959cd9334ad3184792f4bcb0ffd	02bd1f192cd3b959cd9334ad3184792f4bcb0ffd
02e7f2ebb5d9748d54f7ae4ccca4c0f7a3113305	e151e28aa324ef409e58ae1e1560d8c41e06efd0
0300f0b625e368f9cc879e5add75bcae53387109	96305ef7afce72522744eb1d4922e247e54d3e81
0333e4f12cff783f820513d0aac4893439229fcc	0333e4f12cff783f820513d0aac4893439229fcc
0431c8c4682f89a398d85b3bcdf1cbeb647a83c7	1a0e4213e26972fec1cf24d2fa9175998968e345
0452ebd81d0932f759ddabc12775884c9ecb5b54	0452ebd81d0932f759ddabc12775884c9ecb5b54
046d833aa27aba6be827c8ae836b0a364c9232c2	046d833aa27aba6be827c8ae836b0a364c9232c2
051f4d4994a3b31b4aa6ae63531b21f978d89048	051f4d4994a3b31b4aa6ae63531b21f978d89048
054a97d907f3b471c188c466d886c7be38ec992d	054a97d907f3b471c188c466d886c7be38ec992d
0578058140f3daf01ceb9ff84a390a2cc139dfb9	0578058140f3daf01ceb9ff84a390a2cc139dfb9
05c20df5574228c87ae86b7e50b871a41120767a	88fecdaa34f5c0953d7eb6819611485d005fcac9
05c33155e8425cb0ea20fb4a88752d9837c424b2	be36155254082fe91ce55ca0f740101d6f7dc623
0838b8fee8718cba238ec7d6e248048bbe267f83	b4c276ff6688cb23e3fed78327725a393245dbaa
087e2ae322d7d7bcc9e0e1a4eeacddb206f7380a	256ed7e26107eac41ee32b5004d6381f0428b1f7
08a18fe396ad2d4ac69421e00c48cfb58b9088d0	9f8ef428d1605cd7ee4e03bc0c4bcdbab8b11f79
08b97084683270d68c23b31be4e321bea3fd9dd7	398c8c463f965130fdd28de1026af043ffd1ff54
091e8f28118f61476a3c5a587185c8f9dbc7a683	a3fefd60d13dc523a9e1e82339c01045cb89b951
09316dba9e4f45dbaf3f027b4f159461435f8b3b	09316dba9e4f45dbaf3f027b4f159461435f8b3b
0950ce6da88a035f7fedeafe5ef10c349be22e84	0950ce6da88a035f7fedeafe5ef10c349be22e84
09b3a869de833a1029faa379049cf762e23dd888	ca2e268a8e038066d55a41efb652d9e19b39a5d4
0a14a5a30eb6a65920a34faba5c4a1552b2ab62c	0b01278b2d8e1a490d6fab0c0b94a440bdeea603
0a4ad8b24371282a6363358916c72ab8d86d5df6	84b8c53f577a0c9173645621d3e52048e485c21b
0a535e999af48f2576fab4987667f30057d9e5d9	2a4f20f4b4b1f4ca897cc39b645e1ca59bf50006
0a71f298c9b50f6bb064b217089b64cfe85eea5b	3bd175981f0bd7d535bcde70060d4138bb8bdd9d
0a83043c6971f614f9bf99e83c52b92bd9f8ba87	0a83043c6971f614f9bf99e83c52b92bd9f8ba87
0a8fa47d7140c9440f3c53bbd69c867597891138	81be55bb38ef95f2bc7586fc4190bd30d9ca57af
0b57f5b2b753c8ace44f1402836b4c3845f0562c	0b57f5b2b753c8ace44f1402836b4c3845f0562c
0b7f8b260562860cb993b73f5c52f71929c54d51	b64d175bc540740ce59ae7cb85a571197db7b043
0b9c6dd9eb71837e113c7095efb385969898f300	b2189215d9298a7db466de5d6a7db4659cc7e7e3
0cac1dcda8aaef70aa7f92524abd791991f90750	48d0dfeaf8375012a30ea491473b0c538bd08653
0cf27cab10149c0236f5f0c6fe096650c7cef5a2	53283b806ca58dace0bd2ab6b0f1afa1af1b4888
0d284fef7e095f80d0d0e4e8f55d5489ea783bb4	0d284fef7e095f80d0d0e4e8f55d5489ea783bb4
0d2d59baa6d0b78061a26730793555f82657d178	ec590f774ca34ef0b7eaa4b672285b941b7ad7ef
0de2e6ef4d4e0ec6aa46f9d0c37aef6c804513ae	0de2e6ef4d4e0ec6aa46f9d0c37aef6c804513ae
0dea371fbb5858b64178addb4e8eb37e19aa2669	483f4e5e13c4f4ead7d28b43ad19621cbe0b53ce
0e131b0d21dbdc22cb68a6e4a51a46df1998dfda	0e131b0d21dbdc22cb68a6e4a51a46df1998dfda
0e22825c8387b1948fea2d02b9eea143e19a6835	0e22825c8387b1948fea2d02b9eea143e19a6835
0e2b62f5caf75ef0bc8ad4f190bd3152608ac8d3	77d8e6ff13571f498b38571a107ca41c13885dca
0ffdf476a2d97fb5d4730058ac1fe8d3928bc7ee	fc405b41b487c89f3223c357cf86df64c567284f
100b78f114ab07642857a9b0a58e4b5d226a58f5	100b78f114ab07642857a9b0a58e4b5d226a58f5
1016700034e937a3be54b3b0df48dddb651917f8	5f6c4526760e3ad3709614f8b542eddc9dff3f50
10a2ee4a1a5538d7b776aa47c52b6f690b3f1eeb	10a2ee4a1a5538d7b776aa47c52b6f690b3f1eeb
10fb2b800ec86ad90752af43d25aef0e2a3afafb	4c7232b49c53aa913360d04b6c900a7e65aaca8a
112b09a6cb1b8f4798ff0286c59cf544ad75776d	44ac7c297a4383cb1993682d4d6a13fbcb1dd1c2
128fad491d008abae28a288f1fb05a1e434d0f50	128fad491d008abae28a288f1fb05a1e434d0f50
137ab86b7d79d3f4b251576846ca899976b9e3e3	ebd07a3117281c1db068f045b49a0093814b3e25
1391f1d1915cd42af74203a523d531c61df82943	1391f1d1915cd42af74203a523d531c61df82943
13dc7c49ad8fb7e748f8a4590ce8af8181ffcf08	13dc7c49ad8fb7e748f8a4590ce8af8181ffcf08
142f2bddc33a58f62f840bbcebb985e768ce4cbd	142f2bddc33a58f62f840bbcebb985e768ce4cbd
145e5756c83b899bd5db44496b5da2517f049e43	145e5756c83b899bd5db44496b5da2517f049e43
158fa0008fb74d8a0c5cdef361c69236a31d214e	bb96fa4ca76990e44da19e5998f4a12219309acd
16ac937456c7f01b43892a3495aabcb70efc7f14	16ac937456c7f01b43892a3495aabcb70efc7f14
16f556b1254e9c1fd47ceb20598eb6cb4f6e4d9f	ffd792e3208e94c3eda369e98bfb9c0a8eb6d8ea
170f3d1bc035285530474a69796d791e9c79e6c4	170f3d1bc035285530474a69796d791e9c79e6c4
171dd8826ffa9e3f2a8ab9d5fe731d24237eae4d	d31b6da40ce0bec49941d955548e178291776f91
173c76c6a5aacf3b699d8c8b6583d475251ac185	173c76c6a5aacf3b699d8c8b6583d475251ac185
173e9356f1c6f571f5f03e583db223ffaca90cc3	173e9356f1c6f571f5f03e583db223ffaca90cc3
1776f11eae99e26d5a768d6f769a3e2bb25716ad	1776f11eae99e26d5a768d6f769a3e2bb25716ad
17d890aa1292d587d821689e994bf07809e2d3ed	4e31f99c537f07f5f2cbd311f39598143cbc57dc
1805a9c21151aaa45533e22c5d1c454b697f1790	1805a9c21151aaa45533e22c5d1c454b697f1790
183c2160553efeeb6d5df93a75bdb866d7e32932	183c2160553efeeb6d5df93a75bdb866d7e32932
18b42839e93f887d1c129bf45eff867a5a49a161	18b42839e93f887d1c129bf45eff867a5a49a161
18d2bf7fdcc84377bb9bf8adb61987599fea0a8a	2e5d56353c8b25f846dcf4c249c94d1737f6bb63
1936f94be467a1ff42c00042c2c0800d3503942e	1936f94be467a1ff42c00042c2c0800d3503942e
1949b7e481d7ab8d51052a5b6c9377363ef8678d	1949b7e481d7ab8d51052a5b6c9377363ef8678d
1977380a513c1aa3aa80d4ffbec1553bf744eef0	1977380a513c1aa3aa80d4ffbec1553bf744eef0
19bbcca4c01667238e81774dfc0ec5b86444ecd1	f97a26da20f1f2974841c6386293578489ba8059
19c9cf501da2e679465152742ee23ee7626811ca	8d910f385e904ea7ccf7442de0009d1d6f87f1fa
1aba5dc63adaa412909e9a3c1b549d33a7599ed6	36b271bcef2297d7a6267fef972c61dce228af6a
1b0c2d86f464cbfabbfef90a8a6091b22ce467ca	26b19ec973832d80b6b35b17551ee1feeee929f7
1b0daecf103ba27d415dca3fdb9d5d619f5a6673	1b0daecf103ba27d415dca3fdb9d5d619f5a6673
1b14074d8f4d5a66ff182fd2adffd5bf60ca4494	c6804691c9d7c981dc1106fca1129501a5b2c8fc
1b5b54242ff4ff60919eb2c884be3fccaa44c604	1b5b54242ff4ff60919eb2c884be3fccaa44c604
1b7aa4e08c1da5e8d3a975893a06afd0983705fd	07e9638dc777e2124c253cd190abbbcef162dc01
1bac9ed94a15b6ad7fe0e926767d93bc4fe31822	1bac9ed94a15b6ad7fe0e926767d93bc4fe31822
1be1765510590a03d041df0aabcc15f3a1f5f00f	d9bd2031031bb904a1af3d0b3d826a23a37201d1
1c24b0a6ef14d3ebe20560794c90385752e9f96c	eb0ffe7655b6fe8b4f72f6e0be15f6d9926999ca
1c2a6dcb69da9d6ee4f476b3c6051442b221c483	e85b16dd489e94e1f26d1ff5ce9d7e4603608d8a
1c352de03ed7b5b3637a621f0ed0093424e979f5	dc626e93f4ac013b2b113c7af4e1a8010f19701d
1c5799234842f4e03f3efe6d3978063ea67402f8	faa949e98d5bee1fefbc6fc910e6c08c958717c7
1d135f85d34189562351d334b8988366adcb53a2	1d135f85d34189562351d334b8988366adcb53a2
1da5b02cd8c4784b3246cd04ab9c10ded4ea745e	63e6c234fd745ed5673113a9f5bbfb307126a58c
1dd690a140926593a4b85873f63476b46c63ac60	1dd690a140926593a4b85873f63476b46c63ac60
1ddff387542790b210546de14a172c1e4e414c3d	1ddff387542790b210546de14a172c1e4e414c3d
1e9afd0031c2380a83781bace79d4a4bd0ac2df8	814a82b5da5a7faf7dbe18725cbd685d551d417f
1ea35605343381d3d4c98ff9bdf8013f76f3f8ff	7fc98752f27f0137e53408832777fa42e3966cdf
1ed86ee8bc2e9be05dfcfae3274f97b7028f7818	c5a6b2dcc43c9ecf7d71d83a9ee1e26644f93149
1f41725a42a6b742a918b053ec8f36f73ce0ae8e	1c9ddb9a5a2a3e62748e8e4ef28e553582affeed
1f6a261bf066ae8cd76414bf7daf84b2b5d126e0	1f6a261bf066ae8cd76414bf7daf84b2b5d126e0
1f6d1061c88bc8229bdb51f3f4e4ca337a223a54	1f6d1061c88bc8229bdb51f3f4e4ca337a223a54
1f7387ad4d3132385c61394c3c9d4ec19526fced	ccd272bf83ac6d3a8062a3f37753ee414ee46713
202408597d9ec631dd7688be740fb2b4ccb41395	202408597d9ec631dd7688be740fb2b4ccb41395
204a9fd3ad72dec7a9d0da1a47f933425f405f3f	204a9fd3ad72dec7a9d0da1a47f933425f405f3f
207581e84355adce437fe536d4a2e7a18f2ecf67	207581e84355adce437fe536d4a2e7a18f2ecf67
20efad80bd71ec9004b73c2f003fa8f3decdf20e	a86c8014348e97158a40233bc2602d396bcd4825
2150944764ae6874844baad99bc286dbd5c807c9	ab034eb2947ddaf883adf5c3f572ab73e1d0c384
21b0533b4925dcf8eacd99ffc205e65a82e04f78	21b0533b4925dcf8eacd99ffc205e65a82e04f78
21b6fbe655520d133e641eeb0cfdb2b2aa26da04	b73b733eeb8ed7c2b324cbbd25c803da278ab638
21c6fa000e66860c3c0aa21e9542c9c585c19c7f	d364c69a3786cecdf6b95717ebbcc34fb34154c2
2311b00eb39ffb447ffb89138c39ed575778e28b	9eed65a0654e387a217436c6324236a689b9dee5
235f95515f05304267ee3c8b44c7d1e2f5247eb8	235f95515f05304267ee3c8b44c7d1e2f5247eb8
242d91b886901e401283413ed918858ad961ddea	89387f0909e384ba9a37306eab9a4827a685d928
2481b57990dee78c27543ab430443a91b6bc5f3e	2481b57990dee78c27543ab430443a91b6bc5f3e
24e9f4af52bac33b86f9c3cfc2224f82d1871f57	b1c0686697005c8e6a178bbbaffa1a0019d4ffb3
24effc5a71426c295b53fade83e78a2d9229ce41	24effc5a71426c295b53fade83e78a2d9229ce41
25899f3a27b19dc04dd2488f913d1d9b1095e084	25899f3a27b19dc04dd2488f913d1d9b1095e084
26b9ca53ee7e7f15f06095fe2ace816b3832c4a5	1cfefa4baef0b74c1b99b35b486e78a3e1be2a12
26e6d05a48537761be330fd926b4bef9b68b3e8e	c384bb29bb9877e3982ab2f555c5401fa5d3451f
272dd83cea2de0952d88fd1c4ca55c384945418f	272dd83cea2de0952d88fd1c4ca55c384945418f
2829a255c4e76c859778be015e66a4ea496a19a1	2c19a8516a304cbb18626c612a0b4c00787378ee
28804a0f0df92ce5c6139b98d959a659b17095c0	28804a0f0df92ce5c6139b98d959a659b17095c0
28872ee345d33519a8ae09f6d77e80e229ceb19c	a9e4360091dcb126ec5197e8ceb96072ae4ddae4
28b2be14d076683e8c7d331d55bf962e8fd92b80	971c78d23d829f69e83da01de83ed39c436fe1ef
292fe1d48e33feb74b1a5030c82d69df8aa882bd	1d41beac5973b2c9faee13ac3c0495b73e6b8500
2987a462d8480d474f1000aa0dcccd9039932c79	347f3e42d63403853875644d43144eec8d3d7247
2a35d3eb04a04e86d0d0a617886075efe16a24b5	1b261218f7bd8218b5fa2cbffc6fcbf8a88922e8
2a38abcffe04254c9aacde5f0f07dd590d92d90f	29624b927603a295561ad00ffe4a975ebf8d7946
2a8f594cddab231f91a99bbbcb6431217f3542ce	245d58d286a060eeb5b4795c54e886ea2112f32f
2ac9f8a74270858dbe418ea4cca8f85efe69d200	023fae1a49f436b6419784e80a23efd6c251fda1
2b3d9aeac436df87bbb3dab6fa46f7653fad717b	a46c372f42f01ceb7fa46f6d6fe2bf8aa592ea9b
2b78f14d1af096695d4eed71c9563125f0a6cfe7	2b78f14d1af096695d4eed71c9563125f0a6cfe7
2ba288fa8e5fef352ad405f6e75d02885a184dc1	2ba288fa8e5fef352ad405f6e75d02885a184dc1
2ce406aebbeb460a087eb79e60cc79ec6f2dd904	ba24edfedbf7895009b6f2b3a0c11ce90fc62590
2cffb03d495b412eff89606b6d8c76c2c1931473	653cf55edb1b9d28c1e634df681ea116ad70f73d
2dcfb2d34de0d2a780d5fd66f5bc8087eaffeace	2dcfb2d34de0d2a780d5fd66f5bc8087eaffeace
2deae6ac4fc6e8c4249ffe139ea3570e56efa821	e4d9a6326691fc052e876257f5beb037155a454a
2e0012d852e5c183a55f58cf63413cf98e3f9862	2e0012d852e5c183a55f58cf63413cf98e3f9862
2e2e6691b0df24c8533fb26f0b96fd28a17afbed	2e2e6691b0df24c8533fb26f0b96fd28a17afbed
2e5fe3d0cf9ca269996bf14c96ebd1488a737263	2e5fe3d0cf9ca269996bf14c96ebd1488a737263
2e6fa064106df33177aa088be42babaf821c8a21	2e6fa064106df33177aa088be42babaf821c8a21
2ebea741516df6800232dd143a5f2a8eaf55321f	8de086a84ca13ae686901c7a40242cc34a1c5be1
2ed80cc7ac04fdadd8caea346e2a198fdeaf0250	d52bacde9c1146a6605012fede437e1a970d8a77
2f0bd9cce792fe22e9995fa5f86ee9fc535ddf76	2f0bd9cce792fe22e9995fa5f86ee9fc535ddf76
2f6e7fe4ae2d0ac636dfe4cf65033e0fa675eb84	4155db58ac274f442721f659c320c43497e21d02
2fc05770d1b0528abf3709da66199b708ca17afb	dda1f2c52197c5173c2c6019c1c5e95cbb020b49
2fca2ae7fd6924be97837e2513b54f0abcc5a40b	ed85983b530a58c1672c6af9cf3a2b0330857804
30073192e2462df0ac2e2740aae09f8a0d1b10c0	30073192e2462df0ac2e2740aae09f8a0d1b10c0
31162618bfdfb75a280467ddd6204b3962f5ffab	31162618bfdfb75a280467ddd6204b3962f5ffab
32530093af61c76c76d83bc71488c8ded3c0bd3f	2319596fad90ad893782e4f16e1a66d42feaf04e
32abb43ab263c8677bc2ad3b27c70bd7e8b96e49	32abb43ab263c8677bc2ad3b27c70bd7e8b96e49
32acfbc0bfb6e9a36c5e7cce3497f1fa43cfcd16	32acfbc0bfb6e9a36c5e7cce3497f1fa43cfcd16
32ae2c1acb8e512750abce3890420feb422e3886	32ae2c1acb8e512750abce3890420feb422e3886
32d347de16b0565ebfd262868b5c8d47768f7b30	32d347de16b0565ebfd262868b5c8d47768f7b30
332bc8238cec1007e61c299689d3458e7f334232	10af269f336d6b1e981b4189e3972d76ebf33b81
3511f82fbd1d60950c43db555e77d1068f3475bd	3511f82fbd1d60950c43db555e77d1068f3475bd
35d5aa8ce4175160732a61fb1df15aa7b27af2ad	5862a6fda32e39a6e6925dbb559fa43f2b0d26bf
36573b341dfceb4d42a5837fd03fa274974c43ec	36573b341dfceb4d42a5837fd03fa274974c43ec
36b25356bc01ad0b38e5cf2be82d8af143866c7b	36b25356bc01ad0b38e5cf2be82d8af143866c7b
36e242171c00fd23708c6bf7ecdd2da56686e6e4	36e242171c00fd23708c6bf7ecdd2da56686e6e4
3739540d07e1b03125923e0814acefa982916869	ea05bc8f7e11f86d903aad17af0c277dea8ddea4
37a6de53adc94c91ba3f9fe8de67d2a6dc77d24c	37a6de53adc94c91ba3f9fe8de67d2a6dc77d24c
37b5f3d2efc1fb6a6e96573967bbd1a0590b3729	92c1c98b868e015ea70c4dbadf2482db7c4c27c2
37c4a55abc70fb2b7923f8a72b63b710122037f9	2e4e9950f407e03ced9524978f05de2b9f3c0376
37cd82d309d17376da541b0989de9d41f8b5e767	37cd82d309d17376da541b0989de9d41f8b5e767
383e31d8f25d47e7a373aaa1686058cb7f5cbaa6	752c3393f7b18119cc3330f64ab1d2f58ab755c0
3863aa7b4cc8d9e24e8eb5faed434dc10b25ad4b	748b185da06d10687c1d5c9a0771d051ed3ae0d2
38bcdb5c674bdc1aa2a2420f97f9538d9ba4c09b	38bcdb5c674bdc1aa2a2420f97f9538d9ba4c09b
390a2e13bb93fff08ca1cad084837aa035941dcc	390a2e13bb93fff08ca1cad084837aa035941dcc
3950db1b341c0c05cd6c4b8ba84572ea173f75b3	712cc9fbc5f8a5d83c177afc8c9f83d31c048495
399c356718172412a8c6801f61ea948f994e0c07	d92e826a423679af708f3d1c04182cf6fbcdb729
39b319f74401b7d72f4f3607d86ad8a8bb5be772	eb25278339a91ff79c2776b75a0a82ffc9730a1d
39e10cbb30e7719abed389db41e08c68c03aef54	96d6a0b325e0ce6555c41c336f5bc1f413966791
3a35e9157e70ddb5206ccb63dbfd22f7ba702567	3a35e9157e70ddb5206ccb63dbfd22f7ba702567
3a3c4f54ff7837d539f4046c444e7f24defb647c	3a3c4f54ff7837d539f4046c444e7f24defb647c
3a45c7bd99b5035970b91afc12633fdca6dafc09	12d05f97a37967760b4a365f8f9240d35bae03a3
3aa1e9d89377d9857643a664d050c741b478ed43	be2f88ac074886d45b6ff534e8110c4c1f86140d
3aaa49f9274f34500dc36060e7aa10d9024fbd09	e793aa952539806af5d47c2dd94f2fa43dc800ec
3acc44c31ddafdcef303a90410c2d576d75f6ec6	4c74600a4e1b2589a81d402d6ea3485745f82197
3ae488546af8f3f378c1a0381a558355173ff584	8535e35f2938a5b67c9d30e1781a69f1705ec4ed
3b13447ba32537c8a6b2abfdccdbf676778a4f9c	35f43d82f8a3437fddf81fcc2b82729ae1a3bf94
3b42f222fcee435830100c62e7f341ef8f0b5004	3067baeb85ddf5b7a01f3402e2ed93834c23c2ee
3b45af295f5830c688f719688df1ffe65155ac18	3b45af295f5830c688f719688df1ffe65155ac18
3b49f9899cd14a3645a8a438a21c8bc1e24de44c	3b49f9899cd14a3645a8a438a21c8bc1e24de44c
3b6e758597342a80631b94a3cdc246458231e982	3d129339c04ffd58c7657d5c268f8fcc154a449e
3b85454bc1fdd42fb4fdcc82d4f3dad0808b7d91	4fba5cbbeff7b6fb8f0fa3b0fd361cead8448ea1
3bb8186e76ffe1c61780c250c215ed3687000704	3bb8186e76ffe1c61780c250c215ed3687000704
3c32f56f90f2dc107684cc69bcdeeecb6560faf8	0a7a4f4ed0ef5c56a14c5b484c4e9f32ed52c4db
3c91585f10339559dbe68b71dd6af436b617728a	3c91585f10339559dbe68b71dd6af436b617728a
3ceeb360c5704609bfdba7e663548f3a6f30d2c2	3ceeb360c5704609bfdba7e663548f3a6f30d2c2
3d482e737219750bb898a2b3fc0d4b5c8dce4a9f	ca56c7b42bb01b0e82e38b09713a60a1755d602d
3d81244cf2d7ac6bd725ae23a802f9c5d56f2a49	6da4eeb160644a4e37efb13ff48fb05ad90f8f59
3d8a2a3a31c3bcc33ab274b2d7a11136b465b1ed	9f371d86991625bf8dbb572c86e2fbf008e73f02
3dcd7d5cb81b7a6debf8aa94be3c73ed5c9bb163	3dcd7d5cb81b7a6debf8aa94be3c73ed5c9bb163
3dfec3c4cd3f184d94791d0d64eb3cf4aaa63c3f	e44701bf0a95cb7264667362025adb6bed5f946f
3f058b971c1c65d5cc6554f7952a7016c164ffab	3f058b971c1c65d5cc6554f7952a7016c164ffab
3f6f02aeef9a83ca6653e5cf235b4da243863e7a	b44e13f2b52352cc50f812a362a7a37a6a868add
3f8e76517aee18726e6d8de3575430cd546d0417	b31941a523a1b038a13605f15ac72a94347b4557
3fddb70d16f6040cdca95d194dc507435a4638a1	f161175d45644256a71fe1420b304bb80a95c5e3
3ff213b7517a3f5fca762c7e106c4577c736e705	3ff213b7517a3f5fca762c7e106c4577c736e705
413624318789ed53474f9300e98fb1a534db5081	1793c50144097d275d0e238d3d0a72e12440b684
41619dbe06e5ffd58529c2d47ca4b00b80953fbb	41619dbe06e5ffd58529c2d47ca4b00b80953fbb
4183720b1b87999e2e7128ca27790adddaf5b3b2	f84ef44e3852334f7f18de79504822669892e09d
418531362f7684741a3d809cea9b3dc57787e235	3c4dadc536cc7ac16c0416b14d451132aabd995e
42095a4940ae205af5d57e5cf77d7cd1fc7b3563	42095a4940ae205af5d57e5cf77d7cd1fc7b3563
420dd55bfafbb509b3dabb2a969a7bb7a08dcde8	820753c192c91e5955b710b1578f7c06876d0c82
42196383d4df0c201213bdb5fda5dc78be1f768b	847d4b9f380f1529564d02bdc01449bf06b6046d
4238cab1bc3aea5f7a82292025c1878637a7998e	4238cab1bc3aea5f7a82292025c1878637a7998e
42581007beaaf25801c3781dd14db28f8ac4e642	d27c3825e240ef52b9c5782337c9495c12d6c07c
42ef56d43109d1972bb90607a2600e4711d09257	d2b09c33696a85a28f21d6b645af51111c4b7ccb
43255450d1940c415d16f2876910b15f48d877e2	43255450d1940c415d16f2876910b15f48d877e2
43a5853af0c627925f827ab576814b770d1874c1	c4fff93080797b22c57491f8758eeee2daeef46b
44ea98276b094ba4ecabe5452f7823a5be9160a9	d9ab853e42396466244a5a44c6bc2a5cc405b7fc
459028af4116ed124ed12ca1bee0a596bcc8d7a1	fdb6175a3a3d84f213bd9c1d3b6cf671b514abbc
4647a6b75788a5edebf0cd316761aa190f073f6d	4647a6b75788a5edebf0cd316761aa190f073f6d
464f394e67b572bd87cb521c46a95bb9fb3ccbf9	8e6e0175136dffba682717886548fc60139d67bc
46bf23c282df7205979d5c0303c287c0272dca8a	6398c25e77de60d243b64813b3036ff8284c61d0
472faae2a6d25c4dabd87c2b2fd9f8e956518a28	58d22bdfd27d97b6ce14028792c8a771fc1ba1e3
474437e1be27e405c96a3f3b1f295f18af0d27ec	474437e1be27e405c96a3f3b1f295f18af0d27ec
479affe8548fc71189d59b4df8f5eef82e17298d	d260bb38d0422c07f1b3bb58621ec8bbb95962e3
47bfbfd082cbcb5a102b956c17710b48b5abbcdc	c25053696d9baaf1905ad8ebe2465e1611482700
47db896b76e00fdd7ec0255c2050ea2f9b34902b	3a38e74f9426f84b4cff97ce07d87fa32ed29364
481ad24d36ce71d8750d8be2d67dfb7609d96e79	481ad24d36ce71d8750d8be2d67dfb7609d96e79
48c2f4a86bfb51eda1007b20feaa81f8a0d23da7	a8f19c3d30dab5423bd3bd00fb52e7a368b679e6
4a16fefbb7d11c98e11ff26025697f9cea4ba74b	4a16fefbb7d11c98e11ff26025697f9cea4ba74b
4a2d819d1d1600528ce09598d8c2b604870681f3	e65b749c1f7a41c08cb44e1e9bf120cb2f3bd7b5
4a32c63f9fb1412a0b42f03657907e0a2d6f71fe	4a32c63f9fb1412a0b42f03657907e0a2d6f71fe
4a828feee5ad46b64e0e6f87131f13d58325fbb3	f0fe0e6f07d60dc8cffab2a2fd1f7f59633cc44b
4ad99b47c36e028256e54333de3f7f60e6c878b0	57e5fa863891b3afe2467a7467743034ba138a8b
4b7dc99feee8cd54ab429240f2b6090ad347e116	4b7dc99feee8cd54ab429240f2b6090ad347e116
4b9c2e13983ff10efa0d2eda105383c673e58b4f	4b9c2e13983ff10efa0d2eda105383c673e58b4f
4ba04c15ba55413eec1fc1d6b0e029562e9c4fc0	4ba04c15ba55413eec1fc1d6b0e029562e9c4fc0
4bb1f88a4542a517f63ebdc8fd75fd80637b5d70	414a19a929457503f4f99471109406ce70a7d7e0
4c33c0145c7bd76b2c6f5a915da0bcf0c2fc4998	9ff0d510076acd94cdd8f7268bb3af1bc42a54f6
4c773a707ea63404339d4db7eb82ffc723e22a35	1330937973f447aa2f4d4a888cc9463ae54ef1e7
4cab42fe8ffead4201a7cff0e796c043c82826f4	4cab42fe8ffead4201a7cff0e796c043c82826f4
4cbff6a14e50d958a386ff974b76bb44982d8e67	d2e210162e0a5b7706fab9834d34aa05be626d3b
4d806db2c7f60a544abd8428ebee9026fcce77bc	597374e0b759b95f14f8bd96f1a1b95fd2a74bac
4e09e09045d5a78207b85dba2ac6330803512786	4e09e09045d5a78207b85dba2ac6330803512786
4e5dae9d8eebf897a8728d76f5795a59ed6e0f15	da1b81d5a2e5cb4a59644e6823e1ddfa7be5a6fd
4ef73597403f374b99832c70f5dd6be0ed01ec51	4ef73597403f374b99832c70f5dd6be0ed01ec51
4fa6f9ad6a08f9ef3d0691c46221d10d876063a9	733db3e9575c4019328546bde3dc133c4e8c9e74
50060191af88f519df2ba79df471826fa5b0c601	f0fc2f7bde86a9c3f74f8bc3dc618fbba978f5f2
511c1fb2c0e1d7df44497ba4999baeb582a5cafe	511c1fb2c0e1d7df44497ba4999baeb582a5cafe
51a43400e66932d197bbf5a1eebfbf4d7f37fbe2	04b3419f05f26dd9976fb88f47d21533bac02cc3
530342494937e83e24f3ef73155eea6c5b5d6169	93299f8ee28bc2205fb17a860bd3b681a1cedcd3
53767ce721d5838b97fa63312ab4226939ac1afc	53767ce721d5838b97fa63312ab4226939ac1afc
54247463ee355b2e15df579a9359639a1286ba74	858f9e831cf738054f2fa7920cdfbcab746d573a
5466629a5c9c22df8e6f9a49ed1b40a428df6257	622cb8c16be6d27c2e630a4daec79af6a4bc1e1d
548bd18143fb705d093219722363ef60fbe52dc8	548bd18143fb705d093219722363ef60fbe52dc8
54f110869f53c0ac91b32586bda1de63ea5c6190	54f110869f53c0ac91b32586bda1de63ea5c6190
563bd056cc6e693b9acb514b43a8e16e1ed80745	787843cf0203c55ac14490a11f8f9c1005910bdd
564b63898cffd1df4339ef00f3558960c652c18d	7b24318617b102ab913936b81f06caf374375665
567f4a6369f85f483f711ec392f05b7dcafff202	d694844012ad360cd4fdfff759c103960940f074
56b094515ef4027ed1bb4c9b20b60e17f8c925e5	1dd77d936fda690d4c7d374aebf1bb3fb5c5f124
56fd70f9687f1d92fc417a85c5c5513b964fa1ed	56fd70f9687f1d92fc417a85c5c5513b964fa1ed
571bce30f5087816d88939bb729192ff9640c67c	571bce30f5087816d88939bb729192ff9640c67c
582bee6a5f07e9251e01c3d01bc40492a91a04a4	582bee6a5f07e9251e01c3d01bc40492a91a04a4
5877b316d9cfe5c59988df88773a2ac97ef23ba8	eaa355b88bdc14659cdac485ae7fa00b138a715e
58c48d6ec5eca79db4f5ff9a2e2fd32474dfc4fb	58c48d6ec5eca79db4f5ff9a2e2fd32474dfc4fb
58ccee73dca55463e2093018fee89ae946e775c7	58ccee73dca55463e2093018fee89ae946e775c7
5905208c233cb53e3ee0530fd8e2d305a370cb54	55a5dc899dc26f8f97f3ebd8f130ac72316c1df6
59959c1c3526389de6a4a278b9f379c8558da573	cc7e761ca85df0f13117ace7a02e8bb26661fcbf
59aeebcf60b909e44bda0f7cd6a70db3ea6d4693	1391120a94b3e0328a8e55b6391435ea592956ae
5a194e7f884d372fa618cab0abe2bfcce24209ef	a7ad5a3193ea77d84eb8dfeaa522b6a2b6dd0124
5a20ef2d6fa36cb8047d9d36f7236320033f4ab8	5a20ef2d6fa36cb8047d9d36f7236320033f4ab8
5a2e5b76c605a40ec257fcd98afec7852925f85b	5a2e5b76c605a40ec257fcd98afec7852925f85b
5a49af10b6ea44b70013b4d3be071444b30896f9	2759d15ff927c1dcc6f9b7888531052c4604c103
5a7676352da516e278a60f2a716295bb4aacc6eb	5a7676352da516e278a60f2a716295bb4aacc6eb
5b76d3cb4af5317d33456df210d6b3a70e9a818b	666cf59fd1874bdbeada15048cdca39ade793629
5baa56ac97b64817be7eaf2d3dc58a9fd5d9de61	956eb461cfb8c788dfed897b73cebf905c0586df
5d2ceaddd367dd36b50d540e354b80394136cc1a	5d2ceaddd367dd36b50d540e354b80394136cc1a
5e7671f57c894cd8d85428d1dc4740ae9f08f70a	7807b40d64125bdfbadf6fa79f5effe9d57e319e
5e8f3619eb50d5fb8f8ce3a2497ad0b714770524	0a7c32042ce766e099c2fd072e7cb5b780bc08e3
5ee15aff5325cb1201bc1e6509b8c88e17212a88	5ee15aff5325cb1201bc1e6509b8c88e17212a88
5f0fec8df884226a8b9b56ca2d9a15c128f3e34f	89a008ddc16c1afc142037e6cfec1978a6bff70c
5f311fcd9f252b334810f0f8ab99e27d268c8366	5f311fcd9f252b334810f0f8ab99e27d268c8366
5f6e37edc91a6cda7417d6834750e8c1c10ca80a	a684f0bdd11ad0a3c044278a73b54c455c53b94b
5f80fd044f7a7052ec04b4532f777f74cf256a5d	d9025401847d8bccfc8c1747566f9b90f00e8cac
5ffb5fcefca4a466a431c9224e0fabd461b6b3c8	a9af969d87e1bdf6b2667a3c30ab1bfea90cdd7f
608e8d4cd48de140f112594c613210dbee659c82	c4b2f327a1fd74577b5a0a374afb1787ecfedfb4
60eab145837903b2979daaeed15ac142cc814025	980fa3729f1e1b70236ca5e29227b8ef84744af3
60fbe8cf6425596f10c1008ea5db7bd6c44ccf2e	6ad0d1cc7d5712adbb62876d60dcd70cd6b59aa3
6138683426731dbe645e5120b981f1d30a47cfff	8d5cb2abaa11519df3c77ddd78443f9c54a38615
614e40b21305796f37a92bb811c6fe0f3722bfaa	2afaade37a91e1a94d0a125297b4b36e8eb43388
61a9691d31ba83ec1e991dfce2367187677dd420	d162f035db47085170caaa8cdcda32b2e87ee67d
61c29379aa95d67aeb6d21b11aae6ecaf5505aac	2c7c8811913170f8a2f20f4c9ad6ffa2e594fe65
61d9a9e9c59f80190b4f4cf51bd6dc9f448c1d6d	61d9a9e9c59f80190b4f4cf51bd6dc9f448c1d6d
61fd241664c31ba53fd112a7795aca9470e3d855	dd87b86f5135e20ae0eb7ef5b5ecec859fa675a8
6236138c7e363ad74dcde56138188b9219579f75	d6afe6078bd7ce928bd4a1e5a804d32a99d143dc
632eff9331ff804943376797738d7775f78a4ae7	632eff9331ff804943376797738d7775f78a4ae7
637a7abdee3a04ab90550385469ad368423bdb72	637a7abdee3a04ab90550385469ad368423bdb72
6412257c45625be95e0a405b05574803de724b4b	5071582eb97ef79154aafbef870b00f133a893a8
644b0e61fd0c33c9ad51e9bc1ebf15fb3b189fd4	733dcf59edcecb636e87b80dc3e305162420614b
64526004e978c15b283f0c3065e8bcc4bf355f62	64526004e978c15b283f0c3065e8bcc4bf355f62
651ca5fc7fb144ec93c02f5fc16655856b76a8aa	651ca5fc7fb144ec93c02f5fc16655856b76a8aa
65d2fb3be07eeb4eb24c9f76d62eac0f83c52441	6aab888a119ee2cffd651cd031736ad2c3ef5694
6622d529652292ce1f825f72e235969e2bed608a	6622d529652292ce1f825f72e235969e2bed608a
6646427a07730e5f733dee372010f664bee5e6d5	8f020f7b877b948920fd89a76039be7857a686da
66660392eb96af37db50b78c84766405214c5d2a	ae2bb9795b6182dc6529cde3f5c0a36e3c6fa13a
66cf8dc87fa8ebdb74f1c11d3058af941a578fda	66cf8dc87fa8ebdb74f1c11d3058af941a578fda
6722f718ed2edc937d49116be17acafc0e6cd551	6722f718ed2edc937d49116be17acafc0e6cd551
6761c5b348f1d0802a41b2acfe55f1ff07bad855	a6b3d0fd6682fb43a77d092cb0ad4b588b7bda58
67c972ea592298e6272e88895b97ed0bbaa13031	899f4b4a21980f321b8f18144469b7dde4f23dab
680eb963a61f8ccdf9b2a199577e98f49daf79c6	ec307e007053ebff4abe9ddaf874b118aa493d8c
6865188baf7c48e05760eb09b3305b310451046a	6865188baf7c48e05760eb09b3305b310451046a
68768640292ad584bfb6cd58c21e3cbdb38c75b9	7aab8a440577b58d186885d12bb219e3220fad42
68c3a187fb8b3880ec2ad6b7be7e8be6684a554e	80a474785ad2aa56b305c991b7258a98909c6e6b
68eb92ff3cc107179d32ed52d95229b121debae9	dd5566ea4154da3ac8086021cd558741f3c17863
68fb69eb78ca9b1f692ec54eb80294e4eb1f35bb	31eb71412be0284e6066218550937f63bab22312
69521e40dea9a9aa7f9dd21d8f3875549b2d3063	ddaa6f99d01a9f477bd1dfca4734ab7ae3028bab
697a2c901e0b13cb2bfcabae0e7d142b44b583c4	9c13613b842968ce1772304f40046594df28fae6
6985b9692a21563e6afe6f9768b33c4b7043b1c4	6985b9692a21563e6afe6f9768b33c4b7043b1c4
6a8526fb6daac8aa0369c90d2a30334ebaed00f9	6a8526fb6daac8aa0369c90d2a30334ebaed00f9
6ac7ccbba7bcb7913887f226d6dc281933d0c8ed	43b84a0ce8daa586ff4061b1dda5cf97acbe97b6
6ad67e59c9781f8479ac30b25c96eba446bd1925	6ad67e59c9781f8479ac30b25c96eba446bd1925
6b29997a7eff696824699be2419e8738b5b4b70d	35788249208b69846198d4038a22c74da0d79e1b
6b59b7c2a37be457ee3db2787cf507adb8599c0a	6b59b7c2a37be457ee3db2787cf507adb8599c0a
6b88d6ce4388a56548a850431d37bba3f4dd4fd4	6b88d6ce4388a56548a850431d37bba3f4dd4fd4
6bdcaed7b559bb366c923e20c58c60961c95edb8	6bdcaed7b559bb366c923e20c58c60961c95edb8
6c2bd0548d3428c8651675615adc369809a12f65	50b7c2fc0b75bf04caa1cb1a01a30b34b0e01fcb
6c4679f6d4629973208609c48121094b471e1185	6c4679f6d4629973208609c48121094b471e1185
6c8cefb593cee6c099cb0820dbf943db636a0b5b	f85ea8baccbfe2b021174c885bbafc34c5be511c
6cd38711db43c9e6a765319f0f392d1933ca7cb5	d0c4eb39a7b53fb4099808364397825c9b8cbfae
6cd8f0ea243162da619ffef0b4e7d5d1f403627f	0805097cd997f0771fe0669c872fb0649a29a7d9
6ce86ddc745c1a4efeed707c0c44d4c857327df3	6ce86ddc745c1a4efeed707c0c44d4c857327df3
6d3ede7c0dfbb601f8f0f65e03b0c8bf147fda16	4f4170f85e7a4d144b6dc6b0b5d4e0d81f35f647
6d7a1dbd4ddc1981a3ba24ea60c6f824cd523c10	6d7a1dbd4ddc1981a3ba24ea60c6f824cd523c10
6db3fbf073f6a23c846cdca2e1a24ceffdd4d936	39566821246342f750a4a57493a1e2902c67147f
6dcd8eb7b5a51f9fd426afca82e9403e3c35448d	6dcd8eb7b5a51f9fd426afca82e9403e3c35448d
6e170644cb6aed7fbeb49327c3d13c88490b2850	6e170644cb6aed7fbeb49327c3d13c88490b2850
6f92f0691cac4032be2a4fc90cc25b7854932202	a145ab3797d56a0e7a827d3b7ed8b76fa5ac9cd6
6fff21e4919ae324e5227a3f9ef0e1185409b016	ce634aecc885238bc592de5eb9b7917a635135c2
703e9739e1bfd540e7eabccb50be52ddffcdb744	d99ba5e4fb2f260a20d298a52c56ac4067d8afbc
7114c2b2388acda69fccfda7533452f017607b88	0fcbaf78373d7dba9d289f20452c2aaf88dd2fd5
716b15da06779778143a2d4996a243f2ba18c396	716b15da06779778143a2d4996a243f2ba18c396
719e863a0510566357fc63057d747a604efb0d33	d3f427ba9bddfef110ec2a145d0a7bb025e7b21d
71e6936a089de5bc8710f8f2d283b4df98f97969	71e6936a089de5bc8710f8f2d283b4df98f97969
7234d6067a54bdf422458cbc2c8bae8eac7e8d65	ef7df023fc2fadf596412b99db3c9432a7cc76c1
7248ca22a89a930770bc0679d885d7cf50a68950	d8fde275835c95eb623db30532ee68e2b5e8cf40
73042f58581eec884ab66b98cf529fc66472a100	73042f58581eec884ab66b98cf529fc66472a100
73538625af6bb42d94c0538b73ae7bbb831e2676	096af253343dd677afeb91dc67c3facc3f225bc2
735ed6e46d902d44a70e38a982115ebc4bbc2b64	735ed6e46d902d44a70e38a982115ebc4bbc2b64
73e990424e9930f90568a279f1aac255e463f0b0	73e990424e9930f90568a279f1aac255e463f0b0
73f2ebc0f34775080e50b0c3d6286e2ace36fb68	853c25b1974d0b8da00546debc31c3d485d94c71
741948e427259476c7346a7c5d1144a3a341f98f	d19f5ca319fd354fd5059b2a2a3047e9e5e3e530
744c4c137650cb457835c4e6aed364b16b047eb6	744c4c137650cb457835c4e6aed364b16b047eb6
74b6e05c48275438c7fc3bcbb86844a466f0e5ee	7cc919144d6e4c622269198aa3bde07ee65bbda9
74d27a47d4d6c721ac1a07722b3a3c113bc0a4fe	74d27a47d4d6c721ac1a07722b3a3c113bc0a4fe
7529e0ee43f18b8d60211430dde0097cea04b6c0	9263402044657270503d16ba045def86b3e4d821
75beaa9c5bcc2a64e4b638c80e9adf0c26fe4bd5	75beaa9c5bcc2a64e4b638c80e9adf0c26fe4bd5
75fe398487c941c1f84685e15b169100a450dde5	70f2b30e929f8e85f4a4129271fe736e1e2e10eb
7698a7a0660526440662286827b329c745d372c7	e26b28d2c819a3b1ee6025cce624c7a08f53ebbc
76ea7df450ee44b828e705e9e84f89776f3aea58	76ea7df450ee44b828e705e9e84f89776f3aea58
76fe58f50e4a16d3663177b2d738bb1480eb6e43	f169984d493b9f4fa5454b8d6d341dbaee71c031
7701bbc773361f98252e99b192b98d798163f3f3	7701bbc773361f98252e99b192b98d798163f3f3
7757e96bf12d17bed73b0b588a33a48cf6807882	7757e96bf12d17bed73b0b588a33a48cf6807882
7763bc06cdac987cf81883117c0ab5d3adb4bfd4	62192fda1d1032b145cf7066ea6c9d8e83cda884
77a717938daf5d5b302fe3850b742b66dc47849e	9b7c7a15326e9ed6e8a445d5a18b278fef55a959
77cef1c42eaa86e2550ba59eb86be0727bee98cd	77cef1c42eaa86e2550ba59eb86be0727bee98cd
784f9c751f92510d99c5f6fa3bbde7908b912098	fdfa2d28a2fb5b383bdf326a4e20179d9c3cc976
78a045784e44f65a1b305d4051371581871cd424	78a045784e44f65a1b305d4051371581871cd424
78a89642b4862e817daf4bfcb44300ac7f0dc70d	ebadd7ee34cc25e648c4b8083f08bb21d3de89f8
7938428e94f01e8e352b75f02c56434c150b8c0d	0b2c0f2f5fababd2f5922044eecd3dc0aa854e6b
794c2ef1414c36bf048d5a7ad61979ac870400a9	794c2ef1414c36bf048d5a7ad61979ac870400a9
79b49f456cef710c35a1167053d5cbaecea7c711	90a260af941bb37636496a84897142d8462f0a11
7a7fb08865edb8aa69285a3a0bc6e14c51feeb45	7a7fb08865edb8aa69285a3a0bc6e14c51feeb45
7ae96b5f95682e785713abd92242c2666462e4f0	b5925f135f1f4d79930990fc7597789aa3c1db88
7b18c29705ccb2bf1e7660b05d1c6470e5fbeb8b	0068cf25ca55de9ae7b11f0f0da3c29db49dd027
7b360da98da59e2e77f2044f4b1cd606d1027e13	7b360da98da59e2e77f2044f4b1cd606d1027e13
7bb13eb39a27fd43026ef6bc1717e7ce07638466	7bb13eb39a27fd43026ef6bc1717e7ce07638466
7bc3d3d665ba8bb3f9325ba5532d880d92e6b2ee	7bc3d3d665ba8bb3f9325ba5532d880d92e6b2ee
7bfd1dfcddbfe400cde28201e7a158e373924bdb	82620965b6065cf029713bda6f4780131c89c3fc
7dd33f345151543df7da4b81e841c610adb84743	7dd33f345151543df7da4b81e841c610adb84743
7deb47c3a487c7377a4d4d9086c90c12d8209434	24abdbf244426726ee3806519d3571dc3a239be3
7dfda2afc6760d5c0a27729225233552fb7410f1	7dfda2afc6760d5c0a27729225233552fb7410f1
7e62cad71a95ae99feee08d20e4b8068234917da	321e1bd4cfa277591f19be71ba9b39f4b223651f
7e86e93d6da0dfa079f95f5975c9c8504d309a86	041f57b08159e1be52cb095ec53d57b70b96a0c3
7eab1071f4d98040fb72f006d56ec3e4e84ccb9e	f1125e1523e7a05b3304d842437116c0d1ccd9cc
7ecd7c54f14ed4ad416f77c104dd6b6f1098f8a6	c1670bdfa25a32f53e0d69104f40287af0395e75
7f3680cc7e33b791f08a9e76633a80956ec82ad3	7f3680cc7e33b791f08a9e76633a80956ec82ad3
7fd51cc783dfc47bee96a0e6a8f0e848b40b30e2	e99cbe80fc3af61a071b4635cda95568ec3e85e3
800c5b0d13f066af73c3c24c3752f91e3a3dc20d	881e4bc7dccfe0162af8f4bc96dee1ab7daa0321
801f50a1938978589ee4b13a79b53609348ef9f1	801f50a1938978589ee4b13a79b53609348ef9f1
8036d74c062051c03504ff4b7b567c8702673066	83d67d96429d14c8320f8b1eb7e8926b6a52f47a
807ad18f9a5a910f414bd61cc98151aac2c30e62	3380ee9483eeb1a8e496058a21dcf281c6fee796
810d26bd4425803f48303fb3ec8564d47b743010	073de2a3b733d5354f76a03587ac1d28039f8ec8
81dcc235d4180aef20d1592c620cdfa94e887c68	10fe01ea4317b4c608661b0c57c46bdee6cb2602
8205066786266ff54984502779c3e87492bc1bc7	4bfed72729055893e2b1ebbb8f57f376c6b07c2d
8237e0286fe7c3f91a95815fa278257ffb055657	9d26b418bcab8e90918c2e8338f0b70a76360192
8276814839f52e8aebae7549510c3d2b023604a3	9f1500a0c41bdf3b6f35f1b7f4c5ca51050d77c7
82846decb4c79a9f499630fe6aeaa1cd192d845e	4a61aef212ec9129dd880484e0e74768d374b496
82aa47820930e6038f9157a7aa9c54379957d51f	82aa47820930e6038f9157a7aa9c54379957d51f
83167ddde79e5d142ea2a59e162f95c2b4d151f5	f7200d387aa144e3a599ecea7b2eb9bad402b0b4
83f2d42edf9a3a86d898c2d0362d8c465e6db5c4	3eae05a534ae2a46049e5d46c569fcf4efcf69b1
855596aab2617f4e79c7dce2e1a61f6baff7fd6e	2577a9f83b7bb41eefe267260dde4182bedc04e2
8572c1000fee239974708e430459c27dce330348	29883c8f9506d0890fff8c315339e3b384a21792
85f80ba90b7870fe9b9003241014b57401d613d4	85f80ba90b7870fe9b9003241014b57401d613d4
864b04f2bcbcbd48dbddfae70f8255a6d54941ca	506faba1e0b89dc6bdf80dda3b18b810aecc74de
86795d1182c2f48c70699441f045ef4da6f6ba9c	bbdad8aad10f1a26e2294daaec1db5467e76f498
8697feb22ddffd4b226371e375b438c29ec94764	8697feb22ddffd4b226371e375b438c29ec94764
86cb15d90cf96ae2d3b488bcb797b32897ce473b	be9dce5babedf6343f9bd438394a425421e5d17c
8703387f0f17d3d39fcb7c4d70092f1d4e479849	f6a854321366fc63e2a358d2d632cbb3454b6367
87a45d34e7c9ea08a34507adbde4cfcb360a6c11	bc88c8a1b9f3f12d112160a48ff3ada88c538d29
8801e84336505eca5803783cb514e5988bfa1e8e	8801e84336505eca5803783cb514e5988bfa1e8e
88a12f182bfd76de7491f3cba41f0527ceb4b2aa	88a12f182bfd76de7491f3cba41f0527ceb4b2aa
892d2e04be91a625a69681fbfed10e8911d5d2de	d7a830af04ee0f28703daecd8e92fb1733d58b19
89b0f65c500d45bcf8bec9661111b7e72b44e321	89b0f65c500d45bcf8bec9661111b7e72b44e321
8a1d16057b3969c36e1f74e849bc444ae2116f5f	54adcdf92e50d7c5ae6f239e2c0567bbd2d5b3a4
8b18538e998e47d046ddcc82005d789e0e25ce0f	4ae9e32eb735372425ec91b640ce4e29019fa464
8b19e9906c4ece2cafa2023ba41eaa3da4fd2cd5	825b317f8fa955525adf93111d64e4f814f3f44a
8b34ab88d7c0d0c8cb6302bf50e8d8a41ac720ad	8b34ab88d7c0d0c8cb6302bf50e8d8a41ac720ad
8b6f4549b02b782aea988f60399ce225e71c704f	dedeac05bb686fee36a8d59d1d34b8b0aeafbdcc
8b866a1744a795b7d16e742f55a525648f6f35e3	8b866a1744a795b7d16e742f55a525648f6f35e3
8be3d858e5d3ac8b4003f345b84b0712ac5e9a52	e8160ced01d35b054b555957b8b3dac8a37c8c02
8c0a36a6fc2c743be4d6515e3bb815ca12a31f3d	8c0a36a6fc2c743be4d6515e3bb815ca12a31f3d
8c402fc83c6a250b031fff3d8855e4b8f364bde2	8c402fc83c6a250b031fff3d8855e4b8f364bde2
8c49e3e3d79052396b8d2bf140cd26c7f056b22e	1a5974d4cbc2aeffcb0634fa319dfd9bbd529bad
8c59313acd080a054a1ca750e931b2a63012331c	0793ee564256179b799b21c4e26abe7d0b660d0d
8cb41ac83434d2fc911bc287c6e432b9215c2ace	81fb08e189e79f0aa1a0b17aeb19c9177fa52c7e
8cf6179184c705984adcbb3c75da2d44239c13b4	8cf6179184c705984adcbb3c75da2d44239c13b4
8d825f70eafb9df5e0e12f5dfa9b80896ba954ef	8d825f70eafb9df5e0e12f5dfa9b80896ba954ef
8dd959130ad547d143b9d3ec1f3bd430783f0b2b	e4b6dac407cd801b4c91d2c0e9b22a4445a41679
8dd9839143248eafe59f1f4799df7018080c12f3	fb8a7043802e8a2caa129134fc770fece69aecce
8e71e7ed9bf2877be66830678941bb4bf723261d	8e71e7ed9bf2877be66830678941bb4bf723261d
8e8ae93b8ce59f4e80dd3f56d853b3f8f5755a6c	f3a5a065b1d1d3107e57bb48acf27224457a9046
8ec99456071a0758d820cc55c8c1869893282283	285754aeab411c11618eb97b6ecc6c1476c35d00
8ef47c755e702ef02e8e8f168160210d9f6e3988	8ef47c755e702ef02e8e8f168160210d9f6e3988
8f285728873a62a0329374b0ff341883941ab6bf	31fb0169080c1500886bfaeea2474579eb06d570
9053f46211ef37a3d6e0e51b45a314babde24caf	82195558f06087af9e436ab43efd4ef19dd610aa
9099007e6bdcf0ed4f6c6571437714c2b950e252	2b5cfee3d1baa3049ea602de54c79293bc0b2544
90ed49076bdf5cb5301c740f1a1770ed3e7b354e	90ed49076bdf5cb5301c740f1a1770ed3e7b354e
910a3c7941ca32a74099acff373b0d0afe0682f9	910a3c7941ca32a74099acff373b0d0afe0682f9
919856a2320c603899bc2915149fb702cede817a	919856a2320c603899bc2915149fb702cede817a
91dba4ad514420652349aec20373c99ad3f7cc19	de4af631119888111972b81e625a5da11c997f0d
91fdfd52cf5f629f4b61990291b433ff97d5f87a	4cd6d5a63d5f14c92f55ea11c86708da208b46c7
928857a61a110d4857921f52f3bb8fbb48e94c7b	b8f022cf4025bc5e27c29a3598c03f4132618660
92a160d3b14fe688a8b5db1f6b3d4e7de7e8032b	5243682a44d611005d38330057c816cf606d6e5b
92b0f29bb06710570053e76adad66302e6714c89	65b0987e5758e9febcd4d6eb9110359947f0ea6d
92b61a3b8e181555453b8dc7abf5e51befe212fa	c9113eaa27976a9e9fd12f2c813956df1b3269b1
92ca6e7e89e4cdc82e7ad708da6792bcb42a8c49	92ca6e7e89e4cdc82e7ad708da6792bcb42a8c49
92e223095a1a0c1bba5ea2754f5753289f1b0ccd	7da2e6a9f27f8b38658dd1098b0d515d4857020e
931db93d03061c4613cfd17fe235fd0828ae49bb	a9bd3e52717d3cd312f9123a3ee17ccd522c49dc
93a32c28662e61b7b4658b1134009acec25b9aa6	e78a0e7c16d7d16405d8943682f805176804a8ff
93b9e6073f817e838de9f110cb30f5b39d0e34cf	eb35c951d2665bb3954d4296370d57d6f4aa801a
951cb597b311a1dbc5e6fd171a11a3d33011e78c	cc84de40c2d08219346d00c4a806df08e5fbbfe2
9534731dd613bbf3a58c17ad7dca21ad804df744	9534731dd613bbf3a58c17ad7dca21ad804df744
9559446578a951cb5554ac8b28dd22a55fb0ef16	9559446578a951cb5554ac8b28dd22a55fb0ef16
9565163ed2d6423e327bf81c1a37e46d6103502d	9565163ed2d6423e327bf81c1a37e46d6103502d
95d16563663b5ff80ba3c1de8e959e2916b82df0	95d16563663b5ff80ba3c1de8e959e2916b82df0
965f6aa3fc55a7abdebc340fc773cc204cb8e35c	965f6aa3fc55a7abdebc340fc773cc204cb8e35c
96cc2c20904bdefa2749adda0945b22b8ae99b1c	bc84ea32355ab2c0119a87976576fcf3e7edf470
973793b00c76eac7d6f1217404ef4da316fb3594	e46fa4d203afb7e44d5e20923e8a04cf549c85fa
974b9cec0c89c19eda385994822245262d7d9a6f	974b9cec0c89c19eda385994822245262d7d9a6f
9758a2697b8e9e753584d1d095f8f44695db0c14	29213a6662302eb963d3f8381aa234a4c3a11511
975b23aed18b2c737a6105f2d8f1b3da6fbbeb66	31c1a5de47130871998bd76dd5a0d720aa7f5ae9
9784364fadd7cbc46c52ba450ac519da836e0bdd	9784364fadd7cbc46c52ba450ac519da836e0bdd
986a9e0323b379575f63dbd5e85de3f611acf9af	6ff257cf402fbc5cb90279e29c7bfe85579882b8
9870b0857d95da5cc3a39b6ee65345334596ee9f	34043ab37065097bc3f9ee109927e9e6fdfb1c9d
98b6a580c4c18442f26189d6403dea3576a18218	4ea35597c27da91fc9a2d3bf3088f9a44383a1aa
996eea0ce97f127a9f25e459821e7eb76f26a942	6d89eb5676d72bbfdaf9043e461f20bfedddd90d
9a1d5a0f4245bdf17a327d58d6aee44586446960	a57cf39737ab4e9b5012aa2089152ad21f9b0e9f
9a55c82e8a2580c28d9852addcc45835b37dc3ea	52658929d853164d633be153b50907edd61111f0
9a7b5ce36a6cc15fead123bef01efbe7e3c0756a	6711857171b8daf8e28546dc85e42794fe94ec68
9a868dfdfac7979efec36862ac6f1c1bc41c7358	a0f818ea2ea8be495ff5615c9b3cbf6701783f42
9a8ddaa106338472276e9968d738841df2352947	9a8ddaa106338472276e9968d738841df2352947
9add99bc798e2ffeabacc99d7bbd785b2df141ff	ee5693cdc87abc7242d41e78ca082aac8adb8673
9b344b2859475c0624f1b3802596871a0057676a	9b344b2859475c0624f1b3802596871a0057676a
9b46ed49d0e567e36fc4c2bb25d3711e649d8f0e	1b9b88b559d65621d5af08ca6dce480ca438b37f
9b4aaa639cb7bc9a329e57ac596c77574d49cd9f	7e006368ce0280f5db162e2b82f55b419974fae4
9b7f125e3cbfc93b43192b6a167640ae718afb6a	6425c1fa0ad352ec6edd3ca9a93f225e5fcf295b
9b900653e9466736d6eb662ec643eea234e709b8	312e85cbe624d926b3001b4dbef4adf91ce1d476
9be39db62f239a17de7fe402d23cbe897c5e7313	489002ff1774859729a4824a4c160d32f522ec37
9c24abf32c6b81207fc0640d93db6f4a59b3893b	9c24abf32c6b81207fc0640d93db6f4a59b3893b
9c30f5b9001f02a8114682b2321e873e2c8033f4	9c30f5b9001f02a8114682b2321e873e2c8033f4
9c5658927af1c789d82e0abcf0e30536cc6a0518	040d2efb23a0c12754265ec417eabe21e255945c
9cdf092d998ecf403cc1c19b2f93cb59960122e5	8df3a1f467e32f58337580795014ed4cbaa2b0fe
9cf8efa1244f12fc736134e0a055ac1a6cd2a9ed	b7dbb41954f4d1a4fc0025bee2e2c5411efa80f7
9d84af37f1629e4470bcd7bddcc9d9caf329c316	bc82e0ed30964efa6a28c87690d89129b79383bc
9e146eef20080108cc075a977938757f90221dbc	72a10585ab6f397582cd65b60d5174f96c9dee71
9e32b0b98632ef9c7d01a624aa744efa48cb33a8	9e32b0b98632ef9c7d01a624aa744efa48cb33a8
9e9e83017b0c2a5b9ab05c37be174a741a713818	4550e350e0f281c0782c1d85e18a7a75ba1666fb
9ed3831d34ecbdac488c745317850ec3f2ccfe14	9ed3831d34ecbdac488c745317850ec3f2ccfe14
9f922838ba9c25c81e04e6d65ef6f9b3b411c195	14c3074be915be597faa0616247dfd7145086a35
9f955ef4850b7ace28a09143a3c220cc983fd25e	067d98ce3299f45dd1da4224900e137d217bd35c
9fa13ec0b3e7583a74367f800d8e8883c6113388	108692b55d5fe71d85d6e9feeece765bc227d623
a04b8a58b45ec522107bf1428b4433c80bbc5cf7	537743c276b9e385d584533cd61f4777e5634478
a095319a7b5442d6b67bc54a6e83619ad10c7877	aee8904688ca702c471df7d11b7e0c4a15a7f37d
a09587fe1d1e97fe11894d02e2e29a5faa6a4d4e	a09587fe1d1e97fe11894d02e2e29a5faa6a4d4e
a0b0a2073ec10417b5880ad6c1831705ec8a3fce	a0b0a2073ec10417b5880ad6c1831705ec8a3fce
a17246bdf09a6035d2eef66e07da2c33cb2acf02	2e1bd9b90bbe5c06e88ee853251c1da86520fc95
a1bd4231cc48dc57fe4d4a6b9a8cb982dee8fc17	a1bd4231cc48dc57fe4d4a6b9a8cb982dee8fc17
a1d26a1fb7f7e12292ded94900a6631682c823e1	a1d26a1fb7f7e12292ded94900a6631682c823e1
a278a9a9e8a93d515f1c1f1f3166b1a3b337c195	7d30bc2eff65e853b5e1d50a7ea8316e0d73dc76
a27f627307fa34ee1bd286c5b615a8770553a4c5	8f135e3c7520c578eb9be3ea7048538a1f9444cc
a292876377869b8e12a338a2af73249cb39e478b	88beeae4a1f6f30db2e29da1d8dfdf3126265ee9
a29406301d681af39373aa280ef9f110ead80294	1734c1d0f44441867d4f4ff307f06ebbc947fb4e
a2bf1250d291d2870a1c7aaf073112779a351b10	a2bf1250d291d2870a1c7aaf073112779a351b10
a3954a7564fb9da6321f0eeb41348795e33374b3	d30095bd4f91aaa4630e037b3e857c5eed21f2e1
a3b5ebdcec3562079aec61fde8e61be7e69d68a6	c884f92991ac65c82ab69612e6ca93818a373150
a3da7ae2e0ab232b617909198f2c31943e0c9038	ceba8bf16c315afd9cb393995cce852bbe5eb6c1
a43218e0df4ed81626d89055b058f6fdc86b301a	d8d09d2ccfebe0a5a88fc5b66b9922924d98dbcc
a470c8c6202cb202973d53961227c1bb82679f62	a470c8c6202cb202973d53961227c1bb82679f62
a4e3ce7d2937739994821e4eeadf6be69eb9e12f	2f4b90e54809bd9f68e20fec16b38b6d5366c5b7
a4f92e24bec7cf79fdca4ef7a6656421703ad032	a4f92e24bec7cf79fdca4ef7a6656421703ad032
a56d74dcbdab9c895fedfc8372d08296895d4857	a56d74dcbdab9c895fedfc8372d08296895d4857
a592512f5dbfbc7bedd03949a9d3db562285f176	cef1c093c40f1803c9b508af12c09950585052b9
a5cdccc9850696b402b2ebacafa462f746b4f190	a2bc02a74f286b31ae522eaee9c4bb8c8ed899fd
a5e92af45596c2e9af42c92531696a140826a64e	93fbe9cfa1c29ca5caa5bd753a01fee1834f08a6
a67cc8a05ee3791b9a750ad9142cac0dd3176f93	ff8d53d38fb475c993e5fa2de5a5f0c4aff32e14
a67e1deca604892f7fe29c1bc275b7e8de83849e	a67e1deca604892f7fe29c1bc275b7e8de83849e
a6c1c546cbb53403c542bb9819706631801c935b	1198d53306da763cef2d9cd112949210bfede3d1
a70a03929b14331f841988df4ccb87ca26f9a770	a70a03929b14331f841988df4ccb87ca26f9a770
a7321faa832c85d6fd2103b4a13ce7a7ee3543ab	a7321faa832c85d6fd2103b4a13ce7a7ee3543ab
a76db582592aba91be63373f601948b3a0f80f9f	a76db582592aba91be63373f601948b3a0f80f9f
a79046ea77efffcd657b047815900f70d3315c70	a79046ea77efffcd657b047815900f70d3315c70
a79ec95c081c082e6744261e8130868fa2abed35	afd2642e295e17b0e01cfc282e89f4d1d7502b5b
a7c3e0870ca9f836e80a63ddf8190c428db304fd	a7c3e0870ca9f836e80a63ddf8190c428db304fd
a7d1be41340d7b06ca8df9ae202c5528e5983ed4	d46380a5f87f7c5c2f094de3a2f09786cfc14c04
a83c62297dfaa38cee0a472564f9998f090f34eb	594fd16e73f189e6880d068b19fdd9cfb9280aef
a926e446e0eea62b9f0cb1ebd062c963be011b11	43fb01117872595a4c37d5e7b3db9267edf46440
a9299cf86b848c22606fcff15976c036ce3fe2a8	aaa1ceaed510020ab760ef3a597fdda91a001438
a9852948fb149fbdfce956cab52f1270fe7297b2	fed9636e473f1b68ecaef4b065b8e2015cfeffea
a98b4ef82640f97b95ed19ab10be31a046830920	6ad0cb98200b9dc7661e12ef4c31072c9e5399ba
a996107e271c013e39f9398151deda0017da35d6	8b9e29febbbb5a8d51af86bbbaf099869a7f6edb
aa52c711756fba917c9a4b4c598dbee9b690789b	7e529796c619dc99a625d6207b9b3fbf0328e508
aa777c8fdd7058e49213bfa1d8a2df15b1737475	aa777c8fdd7058e49213bfa1d8a2df15b1737475
aab25c13cd5de236a37ba3c56621879fbff1fbba	aab25c13cd5de236a37ba3c56621879fbff1fbba
aadac97768ccc4061067f033cd18071dea050b4b	aadac97768ccc4061067f033cd18071dea050b4b
ab3725dbaa624b322255af4069792bb985191cda	54aef4f15bb42e02ae1f8bfd4fa2d17768b22c79
ab7bf1fc035ef1df472d9539c90c49ee6b1ebdc5	4250ef51d6872445bdf8938a53b761940f091b92
aba07c5d3a58c11fb7d7a24e6279e14470335536	eebb1a45d170b164d62b1f926589eee0708831ee
aba8012ac69473be81c69f2314ecb3f535cf3105	aba8012ac69473be81c69f2314ecb3f535cf3105
abb540b4d30c4b8dd9ff503758663500c90e1534	e2bed9ea881b5168267e1d15379133a19c704fe2
accf2ee65e581f994314caf49b091a7cd107b4ac	512a99ac4e70316af2d73fbed275b59d2bbf1a3a
ad652fc2f347095644495e013ba0f4a9f00b64a8	2ec30bc3d889e2d4833a88ff6b8a09f16d15d43f
ad8a20c41f60a404d40d5c6a56386ff3c33a6ccb	41d215febe0413137f53234302220aa4847be724
adb70a3b149662f7adcc375382b3185993d63440	7b7bcf7e971e99c7d76d7a25cc7ff0aefb64ca92
ae8a2af09f28f58e3648ba0085e47ffe61f7bc11	ae8a2af09f28f58e3648ba0085e47ffe61f7bc11
ae9137bfd61b1b6a587560c84c3d675984675cb2	ae9137bfd61b1b6a587560c84c3d675984675cb2
aeb0695fde0baf35d94d87e6a24a59d88692fd36	aeb0695fde0baf35d94d87e6a24a59d88692fd36
aeee6601463922277d6263283193512f27a59225	3ed774734ac176127e2a5789d113eb33e30e55ab
af0eeea2ccc7f3a9b1ca6685605fe6b10a2a8cc4	6cd4885b584376ba58b19a8be0888bf0bcd3efcd
afe06cf65df052d975d5c7afe2afe058bfde3c95	afe06cf65df052d975d5c7afe2afe058bfde3c95
b013d6f86f018b5cb58ec07c6eb6368be6482592	b013d6f86f018b5cb58ec07c6eb6368be6482592
b03930adff707f97c009d4d6116a677ff38168dc	6c95bc4341a9ab7dfc346ee81809f730db66aae8
b085b4cf8dbb742fb613c96d8cfecb947a2e843b	b085b4cf8dbb742fb613c96d8cfecb947a2e843b
b11e83a10273d97ac4f5474d9e8408ad0acc1c5c	d5d3d627ffbf1f736e71fc0946d05479a3963ef9
b1223e6d80abf43a0ce33bd9bdfc81576fb91bb3	b1223e6d80abf43a0ce33bd9bdfc81576fb91bb3
b1538405194983cc1227e3620f8a90d0add3bdd1	e3415ae663d09b694fbe2c78b12ed78d079c7ce9
b26a66e955561e270f8b07692f154d7e218dae8e	b26a66e955561e270f8b07692f154d7e218dae8e
b29d6cfd346ba9c8d1d0ec969ab2844fd303c61b	b29d6cfd346ba9c8d1d0ec969ab2844fd303c61b
b35df98450fa5615d9c0f296ae9c8fc36bea3b88	3cebd6c1d3aa5d2922a84ff7eb96e8748da7a5c2
b39a2e5de331c53effe657ec1f18c63ab4505cfd	b39a2e5de331c53effe657ec1f18c63ab4505cfd
b451bcfc01c55f74cf69969d7cb316024965fef6	6613482ca1600df252555514dc187d016f04c5a4
b4524a7dc4eed588a1f92f400afb9b703b441e26	b4524a7dc4eed588a1f92f400afb9b703b441e26
b46d76dc33877ec163ea61e409e98b3eaea7cf6d	0c96a9f31efe9edea82a9b5baa2119fef469c102
b481cf3a0cbf3290ffcaaf0b552f6d98a11212b0	6b5538c7f5505a49fe25ef72b3ad1ee45ed9605e
b4a98a2066ff0d27bfab12718f3e493326e0839b	b4a98a2066ff0d27bfab12718f3e493326e0839b
b4d98fce3d6af4f1fdd5fe088de55a60a199d6bc	b4d98fce3d6af4f1fdd5fe088de55a60a199d6bc
b503de3d9310a7305646befbe3da0642175c315e	dba3b54b1e9f6a8993fdcdbcb6516d55ec6d9eab
b50df0ffa4ace993df3261760930d490333a6d4d	b50df0ffa4ace993df3261760930d490333a6d4d
b523c1f58c7f99eb7bc3d3f1b418ac4ab59112a4	40e2ceb393ab0a2b92815f34be71bef7a5803347
b58d3d73b0fa13b854f8e153fdc17e90349aed3c	b58d3d73b0fa13b854f8e153fdc17e90349aed3c
b58ef61712a5c7cc7f3ec5dda88a91ed92a53da1	b58ef61712a5c7cc7f3ec5dda88a91ed92a53da1
b5b2623ee6152e8e09dfc9e95770a3e0d1f31b81	b5b2623ee6152e8e09dfc9e95770a3e0d1f31b81
b639121c7384ff42103780d14402254e0de5a36e	e73b411da72e61d46ca33bdd5d0138a84fa8699b
b678a61a76945fac8fefbcc5918313ad0a63639c	557a65dcedb41c7c47c141cda71d2e57e9cbd6b8
b6f64d1c225e31282d28c7a7b57c810aa1eeb9a2	b6f64d1c225e31282d28c7a7b57c810aa1eeb9a2
b768003069f45d510697b880831256c48df9d802	b754c6e8fe02c44456040afc42ab5412338c7aef
b7794499dac4194725ce312f4303626012de1e1c	f5ec71b2c8cb9c8421d71b189002da10d5681d50
b7928ba01e92379de906f1ce4ab00a55ca21e09d	ac36860e0d00be36bb8a25c4ad3a8bd3570af9c1
b7f4212312782832016e55971743e416ddb46bc0	8a8e6c1d015e67c11c2eae4490bfdb6b20ccd5c7
b84f4411685a0cec182183dcc46dafe12c2644bf	bae5f29faba4fe8091204a315ca07678ba065976
b8a4d414581995929637163baa101946d1207646	12a227bd86f3ca9901ad8e2070df8e05c024db1d
b9127a00de4de5f5bd7d24a327db3c77b77772cc	baf58f810661148e04e6e85c8b0c01c5e54bb60f
b959d0cfaec48a713037e92facc3df7b6c2c3f00	3639ae815270199bfa7f0d605643d4ac2ab2fcab
b9a7732553d0e3e3149805f6e211877227199ebf	b9a7732553d0e3e3149805f6e211877227199ebf
ba4274d78349b13d94ed4c5a813dbbe24280be05	ba4274d78349b13d94ed4c5a813dbbe24280be05
bab4e828f510b7b5506f46d9fb0cfb0beb2c5a49	86755e1d107b4c1422429c56fb71ef151bf92ade
bafbea838efed0c005e80b10687668316b4408c8	dad255e037a5356986e81c21354929ba3a229b59
bb0bbad10d050402dd72b3ddd447d3fcf9ac6db9	3b4f6fd4bfb00bf48744725224223521cf1aae93
bb6c865f9eb7d1553ef63df7ef730658416d3ddb	3bc200af33a7d28fec5c72fb51a8dade074f4075
bb811ac5281afd6465a02d5044f658f85d985737	036b7950cbd0995e349fea49ca8591b0499a239a
bbbfaf2d1ab7875cb882962e47c3b4df71863657	935246240862be6b2f446e4cc36b9b7d903966df
bbf13eb4e663c65d540e3a051ab7d22197bdbaba	78964824eb43a6b8861e895d0f0bb2fe3fe1dcb0
bd272022553dd6ee37873d609dfa0beb750513d2	cb4d4941c1825833b549c07a09e90b9c6e107fdf
bd4092ba4b70ddcdafa5e2b4b6b706e1c8e20539	bd4092ba4b70ddcdafa5e2b4b6b706e1c8e20539
bd41418e54facb663900a88a7b122370db2ca7fb	c9001bc6c822605082e08f27221c5a96e3375c65
bde7735cbe547fc0e5479728b898edb1c5c902e2	63545a7c2d1f1d1ac8da77d7b5e58580c8d11854
be0ab3059aaf6d7a1fab20ffd8433f02d2d64d4b	f37b661c1d1d107ab77cad607035dc24ed9d6a75
be0dc7f3fc0993425e90dbb66627d5d58cdc4067	d52842bfb825b9a30ceb07b042011a5cbce2579b
be4380e6f2912dcf73e8e0273cf9e8b439d32196	be4380e6f2912dcf73e8e0273cf9e8b439d32196
bf26f09fc2147b38aa328b64be2b5b2cd81ad40f	5156f67f3889d0ab047a3eb612a007916d803b5e
bf5b29f8858bf7abec7fdc106d1049f7d1d5d18d	bf5b29f8858bf7abec7fdc106d1049f7d1d5d18d
bf733395907fb3120a957a452fabbcd8c2defc42	bf733395907fb3120a957a452fabbcd8c2defc42
bf792a381aa1b7c287349e4d3b279416f7f4bcd5	56fe93794dd5f8e68e815c60f10a1b80e83278cd
bfbbe84647cc57b6de8343098756f76e8fece420	348c3576590e6137f51c2e7ed9e6662493d412a5
c006543bff12241044cc9992e9aae90602622d31	983f663df83380be9f8125a0c6adda3d84f9a889
c082c6582cca229032c7bb34a157e97511561da8	66360ff7fee45f2997c124ad969dc30b173e5889
c0c3d59a0662b869a34367137b6d5347e2aafd4b	d3e47e80f4ecdf16f8c2f217a4088bf58be8bd30
c0d6cdb6748b1167e5813704bbd85a2ad9d775ac	12435c1c0c34a7d73963c2b7920a38ccbd060206
c12ad552c846eeb16412058a06573cb6c4dc6164	00055f8bc29dd6fb67c4a4cf8b5de9a28c8fee2a
c143009854202d3905bcb08677021f66cf41dde4	c0be1e25e7a66217c1ac42fb2674b2e75e4e81a9
c1502b81ee57e0e582e13f0dff102a1a3f1d94de	c1502b81ee57e0e582e13f0dff102a1a3f1d94de
c1c9c52de7a5edd6796dbd600ffd15f544f5a799	012617db5eb2807211ad10e7460c1b85de17f625
c215d5b4ef35b5ffc97591890d97307497a2a471	c215d5b4ef35b5ffc97591890d97307497a2a471
c220ec8641a9e32ce281d68cc336053f986c90f5	c220ec8641a9e32ce281d68cc336053f986c90f5
c24f73184fe11d1f40588e537c0cf3930fb4e5bc	c24f73184fe11d1f40588e537c0cf3930fb4e5bc
c286989438a1fef1b43d08002763eb3b5689e1e9	df6f4b9b7912216fc0d5e89700a5472111f05053
c2889c9eff25b3e2bf9c513f064b38276474f88f	c2889c9eff25b3e2bf9c513f064b38276474f88f
c28c875ddee768319b5bc21db57e36a0a8d71638	f5d87d5de417733e2de634059d82f833c6eb6f97
c30a1067bd6903ce62e4c348f64ba146295e813f	c30a1067bd6903ce62e4c348f64ba146295e813f
c3164867fd4888ceedb35cc006b2fbdafbf75fac	52775a2b04a2d588e3ba6730fc47a867177ec36f
c3375256d43737049183a3ca9fdac56a8da4590e	62b25ca7cecee99ed32a1b608b3f2b18f79c07cf
c341142cfe96259f9a3fbf1b0f0c0f2f572ea83a	6c324d73ee17102b1192428efad2ce3b6b6a247a
c39169bc85559d5f936ed26bc6426edb05551e74	2c389212d06bc77c656e031bc4b0c9d304b35188
c3d57d797d539048d897d1e9c0b1f7c6df12d663	c3d57d797d539048d897d1e9c0b1f7c6df12d663
c3e31b313515bf2f61fb1d42736335047893343a	c3e31b313515bf2f61fb1d42736335047893343a
c3f2d14314749564e7355809bdc107a9e5647e80	c3f2d14314749564e7355809bdc107a9e5647e80
c42cf7578ce42c5182182bb202b40899da82f170	e9589d7049a2c5250947d5320a11a701f1db8ae9
c43271e6c73518b8b024de85d44d452caeafc8be	c43271e6c73518b8b024de85d44d452caeafc8be
c4443b3b86cd1d690eabacde7c6bb0611420bbc1	f87178690db31d9a1f925b1234c831315e41e40a
c49dc54a5b19e9886df4afddb6c8aa2986b3b4fb	dae002f295bcd2b3a8358903527a3d80705036e1
c4b30ba8bf0559b0ef7ad8dddd8b0b8ec5445e0f	c4b30ba8bf0559b0ef7ad8dddd8b0b8ec5445e0f
c535e327f626a61a601b5472b1589511ad6a8d9e	dbfa24ec2f04d5b4e92e50d14d499ac6a9d04d06
c56cd5f1b1fdc483ff860697a730a3615c810bc9	6461f0e8a01b9d7e89530bccebb1b1ea4e399905
c5bc2dcda310ca4e75e0ce4297047470f84be7ea	4784a8c9f5ef18b39f6607b6e4608dbb16302ef0
c5c6b3bb859179c1e2c365115181f9f3ee42edc6	c5c6b3bb859179c1e2c365115181f9f3ee42edc6
c60b48358fde02054d119efe5e4bb074b65e8919	19806221b0b122ea0f9a733c24c0b8c57f7ae684
c669e45916c00b8abdbcb21d46ae9922fe13ebcd	c669e45916c00b8abdbcb21d46ae9922fe13ebcd
c6b8b958dec280f88344f563bc7af08887472c17	8441846d972dc0df8bd174313ae99b2d82ba6032
c6bbfd64388e32717767ca97f42cef02397197a0	0e61a17187a83edae4252ddc859525b0d87b8adf
c6d3e7cc7be7c78245aa3cceab3eac812a557858	4e00aea1f7504389982d62f6ddb9e920fd3ff23f
c733504ab5b6a32e726f7f5c1fc1a5ca287a909b	c733504ab5b6a32e726f7f5c1fc1a5ca287a909b
c7847924801e42c9086b29c68b9c9403108d8a13	e5f24f0b56b1847d75d723e3686185d991d6a5d8
c8567ef98cca405e93ede79ae74a4fceff6fcd10	c8567ef98cca405e93ede79ae74a4fceff6fcd10
c89db89ab0d1ccb27532a9559149d9f288562255	c89db89ab0d1ccb27532a9559149d9f288562255
c8d55ae09593922a51737018a3a1452aeec38619	1f3e466eb2e683490c915fc0e0e9d5d5ed31871c
ca4f2d073a39f40e81eb82d5643fa2b51d6f01fb	b53970f488f8d5ec2a86f804a5bf0f4eefa5b6cf
cae0e6b4f477a3ed840d2cc900cfa0f2ff69e5e0	9cd85a1e10d18eec85d6a3d4c23671844f8ddeaf
cb0d28869576f9aa230f75bb60f74d09201a3d47	cb0d28869576f9aa230f75bb60f74d09201a3d47
cb11be9f1f4a15defc0535bb97fb021dd80bbbf1	6e34fdd1bf9cbfe56e3ac1b02a4febb81b29c0c5
cb6ce0eecb377367d238a38ba0b3c785a5a6d9d2	150bfd0777bd97ad62364fb6da5fff5bec8f1864
cb96c5cc6501c36bc49c5696a25cf37949a9b1c2	cb96c5cc6501c36bc49c5696a25cf37949a9b1c2
cb9922b965eab51ddae289dcbd84f2cd8b93cfbb	015dc2cd3018f1e04cb461bf19b73e3f31e9cb42
cc1059ae1710d92f863824847bc9a8543bb5e9e3	b4b2aee1005b9ec2f1cd29a123e59bd0dc1c839e
cc12390900ac053b40ed32cf3b40e81fd986e4e9	cc12390900ac053b40ed32cf3b40e81fd986e4e9
cc2e9d586cb0ed805b1c58181e76734aa5968583	940856d72c63b6db9ea2d156b86ef7eecd6a202b
cc3f1022f0a10e920fe9f3f1348ff94bbad22352	6c1107e0b3e869600347b138ba9b5f58b4ae86fd
cc623370a16f44ce0395b9acadd58e31b51662e6	3a073e4608398b0f65a8df69fa8019f894f79fb9
cc72c30a275c4984b5461c768c354a531769a232	12fe9d3b03a5a4647e1b5212d468a71bf091edb0
cc84382afe51a5e06e76dd4073c23a3d5872e54f	18323ea3b9f1c193091f41c0af405fd996f97d57
cc87c8982c34dc1bb5382d3596ac2694ba180665	cc87c8982c34dc1bb5382d3596ac2694ba180665
cc9d0a1121038b0c4c3e007291cc7fc2973462ad	cc9d0a1121038b0c4c3e007291cc7fc2973462ad
ccc1fee799bb62b199531026dff58073f798ea84	54b51bf5a560e084c7a0a34121686777cc86f30a
ccf173580b6ed227ccc64da482e270e56d9232c9	ccf173580b6ed227ccc64da482e270e56d9232c9
cd613f98b294be17c9745c4de0f99e8d57150952	9a3ce11774b866ce79a161ec6ea4180f97b5bef0
ce24c46cbaf97017e8acd48aeb4fed3e280b5708	ce24c46cbaf97017e8acd48aeb4fed3e280b5708
ce95ac93f5feedb4376f96b3c10b0b0bcc048baa	ce95ac93f5feedb4376f96b3c10b0b0bcc048baa
ce9acdf4f69c8e3eca96ec4b3305a350d17197ee	1aa6aca09b016f8fc8c42c9d1b95038d13728030
cef9d4baa527251a327089c706e7b9f3e4ca9ad1	ceed451e0e153edcbb61c68705b4f822795305ea
cf51767891b8260766503bcb583e430e51a3b762	cf51767891b8260766503bcb583e430e51a3b762
cf7cacff799b86ab447ac04afc7ef2fa795be885	597c9c299769e5ec96b56d23c6f0da1c81ea14c1
cf9790b6b6539b50f7028035d3fd2b9f9f521dad	a76045ba1f8d73dc1f137abe7578d880211cdd36
cfd2de5439cdd599cc9b17d5b9a9fdc913cee0b4	cfd2de5439cdd599cc9b17d5b9a9fdc913cee0b4
d042b9a64710bca9458932bb5b087a2cb7a4654f	9701191323ca9e162cf0d9b10e7f924046821db9
d0881a01b5bcf798016cea40fbe7b2b16a9600ef	ca146b714b9a3c1f57499a179cf1ab4180e5f9a9
d1101762182c116f174337376e91f9a7dedcafa1	034bdee51c5f54c4be6de4247897901beb602d66
d14093bb3e3c9397d229bdbfffc4f057fed201cd	3a18c131c0c9afce1df203093a5d370e20b188eb
d20acf39e52e0e3ec69607a93fa85716edf00c5b	220290ec0fde5bac9bb2d6b42d3f536b9dee6531
d230e0c646142cd093235fcb3715b4e73ee796d3	d230e0c646142cd093235fcb3715b4e73ee796d3
d235e81837590c7a929ddd5c95bce98ccb9a1bf9	a9be1ba4d14f245ea27e88095c2114484b9dcfc7
d262d09ed9d5e4d97b8f8413caa76be039f91909	9c5e9f16b3d36b19117b1e2f6eff7a591958a54d
d2e9010fca91804ac070ead5ae5c27369d67c28b	d2e9010fca91804ac070ead5ae5c27369d67c28b
d3cb9d0dc982e6ed1444159845502717a1f2d788	e8dc06ddbe1b02608d95e2d112520034d94b3577
d3d564fcf8fd9226ef13308d17d12d3e642d03ae	d3d564fcf8fd9226ef13308d17d12d3e642d03ae
d3e81f83adcdd2f3d6ea0618cae47b625783c835	28a4a7c09ec2729883333f148ae4aadfe8eb7933
d3f4699cc26c7c9fd353f2be36e1e2fd1e3c1795	57d938f322165fc988a52291a1cbb3432b049f2a
d403477bbb810fbae2c876dff647751090f1f8ff	d403477bbb810fbae2c876dff647751090f1f8ff
d46d05eda9a95fc28dbe1eb2b192868821b0b3e9	ffd4f7d04d22a9811f4bafa480bacc3762cae292
d4aff08b984f91dd67ea0d006e34446291d593d2	666f3e1d80d1afabee483bfe3230cb812bb0f0b0
d4f44ae435bdcb4c3ae3a5e2993435c6f35c9e96	d3ab84e036d1ff68d2b9f236d0ac0f5a48075680
d53ec4c6df6738119179edbbc56938cfb6d571eb	d53ec4c6df6738119179edbbc56938cfb6d571eb
d5462f3c6fc97c0807ef9b25efd7a4f6c9dc3b7d	ec6b6d30331e0baabb774c260ed60c4e0ef3544c
d55a1a7d27c85df0f780a0e50039392e83a31260	cf20641a2fff0934ccbb4e1003b973e4e868afca
d5776a012f5200948f6239823b8707cc757b71d0	8d034345f9b25a51e7f7dc490f32de4c25f63e6a
d67fd9eb46534da7b2851805b1c8b341b074ab90	d67fd9eb46534da7b2851805b1c8b341b074ab90
d68a529e475350295fac4ef5ef28ef4f7c170ca6	871a21af7596157176f7f0511415e74239a110ea
d6924e248e128dafc18eb6a6e78d01b2ca3391ee	dc91f66024a99bf12690b1b9bc02d2220cfac5ad
d70a03e407f45b743efa60c7d032d6d2e1a80123	84240982af81a78342b4c0e8acc3166fa3491d10
d757cfaaea8beaaaeac424c3d0ad49f662c90854	d757cfaaea8beaaaeac424c3d0ad49f662c90854
d78cc68914464e48093e1386fcd2bf7f01f6a66d	66d5c46d048e757eacd2ae46bfbc40a81fb359a6
d7a0dc1815a36125e7493cb14b6974c55968a352	7c723a5c7766403a4ca9dd21cd0d8a3189c78af9
d7da99c7b00d9c660b82f07913a0cde5db312504	45056cb3829824be6ef37b8377b6d06647a19276
d88f4ed1633a53e8aff914249de7c92e5e382dfa	d88f4ed1633a53e8aff914249de7c92e5e382dfa
d90cf5a0b8571744716b0dcd68562256ac59f473	8e64d02297de306a3001d6d753390bca2ce94a1d
d956a898108e8db99be4ce0ee09da0ed982e875c	b04f19f03c3328be782202f363c55181dd41be56
d9e29d0ea6c95ee3299d04263babe3c0d8275e44	d9e29d0ea6c95ee3299d04263babe3c0d8275e44
da1a7659b1db6aba4b00d490fdf7395a8dabc69a	8e974ab3d47589f3f644b9ed6dae8eecec66b944
da1fc3b28830a9229af3dcfc5525adc22416c044	da1fc3b28830a9229af3dcfc5525adc22416c044
da3ce9769229ce26e547823d04507a1bda7ce13b	5e0690ddc516e82e7ff4affdd3bcb2cf8da984d8
da528ed3678959d5c94476bf2969453fbebf9174	35847b3d56234584fede2041988cdd48244f2f19
daa5ecc6ad339d3a89edf13da8f36ed646d4b894	daa5ecc6ad339d3a89edf13da8f36ed646d4b894
db68dd2b0ea6b21b6e2c1d406882e21544d7d9b2	db68dd2b0ea6b21b6e2c1d406882e21544d7d9b2
dbc191536749a95ea4ab4930dff5efd849970ea3	24e8a0ec19630e037bbdc657da04dc19f0a81bdb
dbd5dca963f1cca38ea807245e790bdf6256dae9	dbd5dca963f1cca38ea807245e790bdf6256dae9
dbd9966de4cb3f67b3a5ad9fe56c29de24297f6f	3ebe14d86977153c2f71812c01f3668ba65fee08
dc3aa38374fa0986ff7e38fe028847ae0f50ddbd	c756e9178160cb40bbd1cf1625894a465101dbda
dc83cf16874ac8df14d4adf7285252f1516e03e1	dc83cf16874ac8df14d4adf7285252f1516e03e1
dcb0f0a68d034e70d3104a858c83b556c165ae63	7e3e2b2280c187edc8bd6e6059c28fa8a259da8a
dcc0bd97dc4325aac1ccfb6e73ef3790c8ed59fb	5d6e869ecf3cdf404deb694826aa7a1e58eafa5a
dcf6ab5297a10895b5164356caea5bd71f169551	a781dc58578c0e288ec13846942e41cbb454d199
dd4abe79c51c3031d86943fa9432838c9f30ecf6	dd4abe79c51c3031d86943fa9432838c9f30ecf6
dd57aac85f824ad2325eab4a2495950ccf3b6bb8	de693c12f91abd8c7caa730f6f50fa795e58d1da
ddc75a47de372504cd0ae1f887a6b7eee73f3803	ac2899cf8b37d8133501e4d13573430a2084a977
dddeafb6e2fd39fa8bd75271f594b4d4a958904b	dddeafb6e2fd39fa8bd75271f594b4d4a958904b
ddecba1676712a521df965b2f0f13e4ff0fc0d23	a478de1c4ce8f859f8d1df95805c718a643cbaa4
ddf790b14a8a3eb2e89e0e3cb19288c38c5b164d	e7f5f9d1102760f90da94864e7cf1e1bb37a4cdb
de1fd2837c28bfa3d8cb5a222132b2c9673b6033	01a9aef9fc14ff1c409c7f56d84b915ff81203c6
de560a9ffdf6d91c433d12a137c29cc9a14940ce	de560a9ffdf6d91c433d12a137c29cc9a14940ce
df46891ddb5770cd52529bb8b5749857eee9f4c5	f88596ff8ca5a98e9efd8a370155dd275aea650e
df7739d94a5ccd1290f6962dc89f662db5f23f13	89767816202e86b36dac13dbe2a006f4d76ca419
dfcb8060e291949da6106c9b966dde334be996e1	1d06cb821501f2a1f96c92822af28a9109f67647
e00b0ff2b507e5f6b244e763813c6fdf5a6b4ea1	e00b0ff2b507e5f6b244e763813c6fdf5a6b4ea1
e16e576461c86209ff7576641543d565df2da5b4	0fffe527654fc4db6c15100c1bce3a67a7cdbe4b
e1e2c95cb870ad92401be35eb9c88077c3952047	e7f8e1fa3003fb4b10d88fce724b80e173394d1e
e20a38f5fc176e88789b48889c3242f8bca3f7b4	6ba867c4c87c4d51863f06f2b9eba3de1776680b
e228931109da08092bebd4f8ace2169d8d60589a	60797508978353b0242d32f63c5b70c4c1419f9a
e26f2d3a2c1edd096c15b61b642abc90287e6c3c	3af52d54b061f1e5b18fe7c29315bfe36c7e3db8
e29ba0805d7da2528c30578537195debe3408728	e29ba0805d7da2528c30578537195debe3408728
e2a461a132818e24974b5a1b8c73f23719a49743	e2a461a132818e24974b5a1b8c73f23719a49743
e2bb2795c991b84b955b5e3af036963df00bb665	94254fc925d21fd989bfc41d890ecac73a96f2a2
e2e68d4f34fd608e531e8216ad80f84d3e985088	e2e68d4f34fd608e531e8216ad80f84d3e985088
e341bec614576c87c37181a7e8516a3306ca1296	ef86d4a5d3031e864337b780e929eed1ab500cd6
e34b02954c69525bafd47a86c319325c8b04d39d	282b3fd2f8f509249cc346707f11495689d2f745
e34e8d4f7c8a49ae0598c1e9c203d28e3d73ba6b	e34e8d4f7c8a49ae0598c1e9c203d28e3d73ba6b
e3733a210ba2dfb895a13c5f7136559749856da0	e3733a210ba2dfb895a13c5f7136559749856da0
e3739bc4d53f329c2caf14d39b5d4aed19f6dbc3	3c5e62d548eba944f7bf6a2baa0090926859dc5c
e379e928e96591a2c8217bcab104e68e7c234d09	e379e928e96591a2c8217bcab104e68e7c234d09
e37fc9d483720aa04d53480c5c255a9aeac1794d	e37fc9d483720aa04d53480c5c255a9aeac1794d
e397b7b12e12463941d8e7b7ef15a51547bb784c	d78b0c1f0b9efe0ded3e4ad22de1f6a8433baf71
e3d4ad3ce483fea99022ea5275ba90a45feae7f4	cffdb9fccf1592e919729b34b964238d46cfa6d0
e4292f1c15449a60e62de2ff142f3de54be67546	0d7badc74937a0dbe4551ce0bd4136f2c40964d5
e45b02ec8c678fd38743dce9212118ef4de64e40	e45b02ec8c678fd38743dce9212118ef4de64e40
e46d3952c7be8682d07c9ca5a91b59cd826865e5	e46d3952c7be8682d07c9ca5a91b59cd826865e5
e47c64aa0a8eda5c71870615b766e1fb8b5a8dc0	5ea329cfa7725faff9a07693c5c5f74e190b9cd9
e588a3c693932f7c3a4a3e7bbc22deb323a8ff2b	8107425ba41d719818950e7fc3a1d98abe503f9b
e5ccff60af531512f83413f80dc1f079b22c5b63	2896121db661c9b77e78d3b7cb580f7d7422b785
e5cd3e4653a9ce161bc74f057b1284937c93ce8f	afde10a7322cbec9daa8662ae79124d49017f3e0
e5f882856e2e627c647de025ab2c6659de6833c6	e5f882856e2e627c647de025ab2c6659de6833c6
e621ec7dc00c299c7d16bcfec6f00e870388ff4a	e621ec7dc00c299c7d16bcfec6f00e870388ff4a
e72070a836221417da3a051515b196cc1a786889	3831cd442350fcc98000b82b551e987c586701e6
e7b86286e742a848e938677df68f651e5cc2ae7c	e7b86286e742a848e938677df68f651e5cc2ae7c
e83aec4073851cc492823158e2fb373767f149bc	53b49b96cd379c4de88ee9a3553fa3c80bca1f02
e90df9a2379ce44eb267ac4410d796989f82fed3	1d3c09f5535032b3d4961f4fe23febe0da127181
e915005e6d8fcffd8374562e85427cebc00bbfe1	3f23465a781dfc771b5418876bfacb46e44cdb57
e9210df8e7b637ed590d01ab235d675a0aeea135	e9210df8e7b637ed590d01ab235d675a0aeea135
e97fbe1ee3ee85b45cffabb796f520917343dac2	c1dd4dbdca67121f6352133c6d280eb57a39824f
ea335de7743a2674ce902edadf4173e02d33f082	e541e29b4c82fd8171f3407acfc16287865e3e6c
ea33e648c14261fece0bca3693e204f14c08f258	1e25bd52eb3d63200d110dff7cfc0e09b9d71bb3
eb3cd99a677af69910c6131c915b2b6e10d3d1d5	2ab30d8a5a71aa15a786417273df6a6cb6bff62b
eb564c5a5f932402da5ab1114a65111f236b0ffa	e0977b12f292432be48b20e4aa96313d7ccb9c51
ebb571634eb7efef50e4115e9e180ca4241df4f3	ebb571634eb7efef50e4115e9e180ca4241df4f3
ebc13622459ecc5c5d79cafceb887e4f3c3c30df	ebc13622459ecc5c5d79cafceb887e4f3c3c30df
ebd67ff380f74166e83eea42466252ef8a31ab60	9138e3aa1a1120ad02c31d1c1c33f2bc6bd9a1f0
ebfb3fbfab9eb4e5a7ca5e64535b3d4d0430beb2	adf32594ed47e9a3828dfdac4a4b7ba6e989d0e1
ec3d0ab20fdd1d95713d459e72a8385b8481e4e8	2da45409253db9197d6aea52d78a3b8e8105f60b
ec47f15bb0a9f79750e3046f36d1ab1cbb407b38	eaf460a39bb14597eba1ae93f8aff3972cf6411e
ecf4795698c7caae967541f5ea8b38e95dcbc9c6	5efa0dc6c9f19ad2e2eddf5c8d0acb8d0c332e0b
ecf89ad485b3727a9a252e9e77abcbf59c4334a6	fe47b0a57c9cded79a5551d13bdc9e315d2ee5af
ed345951ffa7c7343c251e4f50e0a294b63945d7	9172d7e07b45a8761918f70b79437d74c8ba99d9
ed74f05859e44ae2fcc3e097a8b0961e7738a267	cefb5368af82cfee293d77d35e6f537d08386780
eda8a80208eb4d0e4f24ad8c10daf55f538e6b69	66ae284313e63c69fe98920433d178697576f25f
edbf0387464d321f793e2857addbee92c5ce3fb9	cdc73437f0398dcdf1547eac535b7ff03c171be6
ef0c2bb6dd70258916ee1b0f839ffaf6a5d61536	7d8d5ccdaff8257bf838f0dae21db9080db68895
ef3cc477b6c3605e90e8c37192f5f11467f08b99	f6339de9d0130a52cfc77efdf49dd726648f3767
ef3d013dc5e1ffa41dc802e534bafae474ca4b8f	d1557a5564b48529fb93816ce181c76725246cd4
ef8704c08e87bfd5d9d97d79f839ae4295aff7e1	0f9b3546c84e6d4473493b1fa9bf9725d558af83
ef8b89e870720ec744620fde6295c0d9601c4bbf	213f3e61be23d9b497dabfef0906b6e089c13e02
f06f36c309d768e45f546d23610aaf1ad2063502	f06f36c309d768e45f546d23610aaf1ad2063502
f0f4fc8d2d48b874a0ba057beae944cb633df49e	3a503c420ed1eb6f6cc99f9eed3952170f8b4fda
f111c7f110aae1e1d59ec80d89b313efe2d41c22	0c5c2e8eaf55af10721f6a34278349884f9ec2de
f1399b81240353307c33b8e9f66f2df0fb166f4b	220e616a00ad3ccb1101de03bc76e0b2ef76ea9b
f13cb19d9e4f40c2ee3a657b0706ac4be08dcd9d	0d0e09eb9c3fd5283a3eb1dd913efe33b98f7909
f1a6ecc529315bee1f8f8b106ee354a00ea0431c	f1a6ecc529315bee1f8f8b106ee354a00ea0431c
f218f6869aaa26ed64b1101d1596ace8966e23df	f218f6869aaa26ed64b1101d1596ace8966e23df
f2ac1e2a47c41f5d5e6bc0601905de9bbbe612bc	a87bd33d8569e47b58d7dae246e67f2ac640e3ed
f2fc1aba8c7bf2de1422d90e07425aecea024731	f2fc1aba8c7bf2de1422d90e07425aecea024731
f321012a4eebf723c596d25d52665a823485616f	464ddeaf607f0e571d4597b805cf57454cc1e063
f3400e8067f783fc7513cd097e28defd9c0f121c	fdc0593cd1c252379a9220a387880f4d61b75d00
f34522387b42ba960e6d555482f7c49b4b6d0dc2	f34522387b42ba960e6d555482f7c49b4b6d0dc2
f34aad5a83a1a4c7a685422b57f8e7a1bd6a94ee	c629ae8ca7cb7073341564de10aef550d8e6e07c
f36d273bbe2466df86b2fc1891962bcde75aed0c	f36d273bbe2466df86b2fc1891962bcde75aed0c
f3ef73a2bad274992860b8bb3e1ddfe466aad2f7	f3ef73a2bad274992860b8bb3e1ddfe466aad2f7
f475730e64145cf4c94acb380e19051d058f25c1	49c302425a8043def3fb3d60a61e22d133c2fe86
f5b34c6cd2bc078352411c309a1f9e4c9fa4ab91	96c0f9505f485771cf74d00c9b4b33823e1b86dc
f5c8cebfcf4fb45e20bc9e64a14d60d88ab640b9	46a3b7f31f62e4adfc94042a94438d3310fdc955
f637cb522c41f1ee321cc732eaa5d0c4c715d126	888ccbe47a0369d53064ed661ba571a951b9cfb1
f64a0c7279a0f615854defa6723e6602035fa093	2b01ea1faeb98342307c0f62c0d8b19973f2fd31
f6759b14289b05ec7247c2254031c8fbcc216bad	ee835b43a86cac3d4f8bc159690a6023f898d223
f6812d6be9d4838f75cf7b132a2e747f5d327132	f6812d6be9d4838f75cf7b132a2e747f5d327132
f692f45ad41fbb035b7efc0b0795441b2bcb6d53	f692f45ad41fbb035b7efc0b0795441b2bcb6d53
f69bc74a45a261075c8f81b88b7300bf8a7685f6	ce75fd06a178754b79982fd5087fcf05e77da244
f71c53ede2c25521f70b92f08bcda8e12e0f40cf	f71c53ede2c25521f70b92f08bcda8e12e0f40cf
f77829760c26331df313b6a5dc7062698904c793	8220946b0a0f9695da0042303256007c1f17b4a7
f782bc7931cb68a27164cdcabae961fee9d3c22a	7518e0405aac6b01dbfc498d7a10a00a83f6b866
f7a1fd6513fef5aaccf303c53a25a0d3550db6ca	c39ba75c98cae5ca20e097e8a389dd7b01e69ae2
f7bb16e4e77e71c3db8d545e633c5b8a0ea492fc	f7bb16e4e77e71c3db8d545e633c5b8a0ea492fc
f7cd60451cbe88750c5e750ad67d68d4449ee8a0	676ce108388cc8ec2ca952f9a64c89adb409175b
f825a0a2fd8f0b2d63f3141ccba0ba767b838b16	f825a0a2fd8f0b2d63f3141ccba0ba767b838b16
f835684d9b775254970ab91436469f1db307c515	7ffa8bbacfe1e0b0ff1d88ac883254e541665f87
f83b388f2c720cfd262cacd49874f0b1ce649d6b	f83b388f2c720cfd262cacd49874f0b1ce649d6b
f8a27d011956adbde013206e929972f324b6290a	f8a27d011956adbde013206e929972f324b6290a
f9fe939a0d759270047263aff39411922d07ea8f	875197f0ef13630d12be346cb905dd479cfe84c2
fa061d0fcb76e8637a1a1a0254b4f5157dc6be8f	fa061d0fcb76e8637a1a1a0254b4f5157dc6be8f
fa3d40282fbd1662ec6255fda61a2ee6acf04698	372bd107d9870c55bd0b8c6ae26a1b63ad1e6aed
fa93df77d79c3e8c20dcdd09240367e04abc4c44	fd9c7315bc769976b6cad50ea4e1c33481a2ebc9
fac38ca6485b3b3308792e114f88b6c943e7541b	8de172581aef5b27356cae3e86abc53d4e1980a2
fb0a08059f0289cfcbff8a0b936fb0d63c43e1b1	fb0a08059f0289cfcbff8a0b936fb0d63c43e1b1
fc1e634c99568aa4b1f9299526b8edc17440052b	fc1e634c99568aa4b1f9299526b8edc17440052b
fc59b1b20b9fd34c1176acebd7e1688d4a82c1ec	4fea91bb6405aad88043a511a1de14d34b88c3ca
fcc5bf75d62437e923041f1dcbda0ac6201176e2	bdef9356c41c77de4bfd85bff439b7116dae6e64
fcca3f15c52f926f971141e76d21b2a6fc66ede3	fcca3f15c52f926f971141e76d21b2a6fc66ede3
fccaea3806cfe19e224b022107e9bb30e5e782f5	fccaea3806cfe19e224b022107e9bb30e5e782f5
fce35365f73eedeae931897bd3e466d10fee4179	fce35365f73eedeae931897bd3e466d10fee4179
fd184afd35195ffd9016ed98f4d5b1bcff7316fd	718ba5229934f6656ebd0658ab7b84f515335df1
fdbf093754399f110a9604fa3c9313135f60f08c	fdbf093754399f110a9604fa3c9313135f60f08c
fe1b24a4ad65b9dd8798b7cf71b9a98a7c448549	fe1b24a4ad65b9dd8798b7cf71b9a98a7c448549
fe6c5fcf6256ac1dba92deedbd1a5bb7dfd9ebbf	fe6c5fcf6256ac1dba92deedbd1a5bb7dfd9ebbf
fee082c4078de5c258da92a55a46203a2a88e045	6be93bf59c3aece149a762df1160442a48f44c5b
feedb9885dcb4209a403f3c2c4cda9ee8a2f235c	feedb9885dcb4209a403f3c2c4cda9ee8a2f235c
ff30af994c2e4c9167254a20025f6de66d6ad380	ff30af994c2e4c9167254a20025f6de66d6ad380
ffc8e8a6eb9758922bd220d55251b95b4e52214c	ffc8e8a6eb9758922bd220d55251b95b4e52214c
ffeef57cfc767f7bc2911d49918d72c1471d6f16	e8c161a69aec350af415948fd473c6f89ce768a6
