tag	old_tag_object	new_tag_object	unchanged_tree
v0.1.0-alpha.1	41875d2bc48cd433b277fec69ec84aa1ad2d5e56	41875d2bc48cd433b277fec69ec84aa1ad2d5e56	f28b8e094a35fb48437bd4f656044183e15cd985
v0.50	0062a841c1ca4af45ba63cad77a14472ee7e1244	0062a841c1ca4af45ba63cad77a14472ee7e1244	02b71ce3d422fdd048f70c418d1e5722ece5de9e
v0.50.1	928f2c0bc9eae8db42d1418bdd8322e09daa0413	928f2c0bc9eae8db42d1418bdd8322e09daa0413	9d7e73ce288f209cd5ebbb5dede66805bba3b2f1
v0.50.2	41dd5861d99ec5d71a0fbfe85573db2114da5f4b	41dd5861d99ec5d71a0fbfe85573db2114da5f4b	e21a403925952349d756a18508f5c17a07e3709c
v0.50.3	a819a1800b7b8690bc707248b958a25f1612390c	a819a1800b7b8690bc707248b958a25f1612390c	9ff71a459192a0a898cf3844ea6636cc0f95a2ac
v0.90	cb468db93d673c18124a3a1265ba6e5d472c4f8f	cb468db93d673c18124a3a1265ba6e5d472c4f8f	031ccf4d49c320f264d72eb10484de77bc1ff1a4
v0.90.1	dc1b0d4915a60e9c3455ac2e0f81dafed3d0f3fd	dc1b0d4915a60e9c3455ac2e0f81dafed3d0f3fd	b4c1f5be2458f7bea7e10fccce0e8ba5e3a76084
v0.92.0	2ba288fa8e5fef352ad405f6e75d02885a184dc1	2ba288fa8e5fef352ad405f6e75d02885a184dc1	cff07a6bdd67de7bc5ac6a7c61e2794501ba04df
v0.92.1	b58ef61712a5c7cc7f3ec5dda88a91ed92a53da1	b58ef61712a5c7cc7f3ec5dda88a91ed92a53da1	20288984f5087af2dcaf5a541e2470a8547c8b48
v0.93.0	1ddff387542790b210546de14a172c1e4e414c3d	1ddff387542790b210546de14a172c1e4e414c3d	e4f70746d08368550a63de672c4c094e4bd1b170
v0.93.1	a1d26a1fb7f7e12292ded94900a6631682c823e1	a1d26a1fb7f7e12292ded94900a6631682c823e1	2e5fae00b710e7647f783f35edbf35ff6e6529a2
v1.0.1	a3c112771da86c7f3aa76d2870bdbeb483c8e882	fd4a907cdaafa0ced82e540c93ab8d6f5231662b	cbb8057227832266199f45af0f48ba88ca1959d2
v1.0.2	38dc1a196822fbececc17ac4a35b99b70b10d43e	ec5ea2f34930310fb1d0cb9b0622aac49e92e023	2caa49b7f05c9744a92972bd5450fcd6fe5e3019
v1.0.3	9d7af576678a4981dfcceb1fbe6e7d5037d075e5	a1556a27c398375436af8b7c1f171affe3dd9697	a6ed02eb339c331005d2940f4349f8e04b233217
v1.1.0	2a72c88d66f2bf75ec4bbffef6115755fc110798	353d49a5fce2803d337cd7dac23e97a76cab9578	4191a6911cd02365595ab70d2fc3c7e69eb9a715
v1.3.0	44f545484c8adcca4271132ceb3347bffdee6cfb	7a0272af7eea141c822659d8d2e940fe8aa5ee72	b0177397ca943b84b3998e032218fab1abcb71de
v1.3.0b	b7e750118aa09ab0d9a0a7a2964b585a8626104c	2ba6fc0b433ed2215a1b26be80bf8922bdf85123	601109ec352f227076b4544b78fa94c59d08bc81
v1.3.1	8d7838773c216a6549980e3e4a5dae1250a688a1	3a440e861a8502e085d3fdb0370ed2d15e2e3875	450aa2f43eb504601b8d9a71142f73ca698b9886
v1.4.1	3a9518dd8b3db07ceed7e9e9f20a4d765b1c26a9	e8d8f56e6d47dca9ff52c8062835ad350254f7b5	af6cb7b0f2601ccfa736f8deaca482d4c8a130ae
v1.4.2	8430b842a0311cfda56ad41c89c4a4732fcfceee	d5e0c023ec2d61d8921f1bbd3637e16d514a70c3	3ee7bd0770b4ceaf312f3dbb06f438c07009fde9
v1.4.3	2e52470b91d5b96b9a17d2d794ea0d320e3a853c	9d1ba3193c36b8ad240c0edcf76ee115c1f9ed95	e53672642e4ca0e8ca5f7384c6b26457963b7117
v1.4.3b	b382d52fe4936e85afd1d7159f835840e26e1825	2251bd2bf1b319a3360b7ab97baa0b3ae299afb9	f7bbb30c3cf28fff5bd132059975c50c2040bf36
v1.4.4	d1a25e881cfaac4fb4faae038f069087bb032e27	e84f65282db95f88c188eee71b05fca512926d2d	05063f9664caafdb2ebf987a072edb05b86d749a
v1.5.0	937737fa31f7c2db27473c80b98a20b42165ccde	50fff64c4b1f9e1e92090024cf588bea9fee349f	673b7933e7b29a84a11c6ec4a8a9a9008d4fd4bf
v1.6.0	8299f59a6f2169822e23078d45df51a8d9409063	eb2de2c438ea60683cab46c2b2f28b88badf8314	faf42df4e049a76a82a0cf2bf1c8f659f6a541eb
v1.6.1	8f082708555f8b6130cef0677c3b32563c125b38	fa380c7dfb7eee0aab428e6305d7687eb78e0262	1d45676c243cea9d92c6d7657a7ee5fa59b687ce
v1.7.0	ffa4d0e5cf8094291ca70da6b179c1e7179d0c48	1f7cb31bd9fa538aebb00ccc2b26cc754108732e	4632450477daed83f55e39a06d48ec6cf2c84ec2
v1.7.0-rc1	44aa4773268453ca1088185514c1bb3731dcad05	c1f2596af15961635df00762f94b4a605c9be505	5a9a7bb093df2c4c35d67c2a5be3b89caaf4c9cc
v1.7.0-rc2	b517ed6d4320777563a7a883722829a45b9e9739	4c207277fd9a021ccb2887216832a0bd72491458	00e7a78dd002802d0bb8e91441bcd34313ac6751
v1.7.1	961afbf3d97f6d1fda58508ef7060c8410694cf2	135e169cb5a26cfa5e046df09ab6027c749a3db8	a0edb549b7171feec856b2446240edcfa83bcf00
v1.8.0	6eebdbdf5dad7f7aef83280f832f0b13ce191afe	ca415636b178c66ae5d284b6287346687b290490	abb08484cd99cd487fea5191e8f26aeb41813d77
v1.8.1	9c833b902e47943f842ee1237f1a0d3f3fe8036c	007848c493c461c705149920051744a2c76f7518	348913a040cc9f3028ff1541f15e99ea35d2f58c
v1.8.2	624d98b63de8f5c95e3db07efa4d168c2bcffd36	9a7ac91d44e5395f9cafbbef2b9809337a160611	7238eb8ff61618bbb1687581f099884b92b305a5
v1.8.3	9389e0646176cc7306b84668d82ec974ce5ab98b	a66f4dba72cdf92100c1ebc6c24ef57569d8b747	7f24c52eb7d9187c2ed2776c67c88122b0eead71
v1.8.4	8a70a755b1594cd1cd8ea6531826bc26f1647475	f4e8c7c676de9b2a7aecd59c6a3ebee761735901	72a26c8693722084a47148707adb1114942d8107
v1.9.0	96cda538326f78a10542cfbd94a7f08e77078424	2ec6174b1756d1922e6f8cff92837852123281ac	28c751ebac6935cd6a7be6eff98ec63ace5f1b73
v1.9.1	0a174a13036b990d8538e5d20d9b368d0037af7f	f0a02417b5610dcb8d2b9ff08581ad8ea97280ba	d77f55a718189799f482dd087cc0bcfbab29cd8b
v1.9.2	100944318721aecf0e9ecb1ee61950cf119f0dd8	4b903d8cc1ee4d76e512f54a10cf6b5942d1edde	fc80ea824cc5e368abc58ce3e4e292b3b0452a2d
v1.9.3	d4a424529df7e0d9b476e37d516323fafa9b408e	f49ee1aca2f522a0509aaf9e806cf4794a84838e	65dfe07d88f0c317601cd6f17b2358a87ab02c20
v1.9.4	093aff656f94e8f55ce45d6b5cdce7b472c8d320	7f5bce4d23b099dfe0b03296cd2fa4830adac06d	66a67a37eb5c129c0f6f3d2ee39ed0a7c26ad5b2
